10000 2
2.772214 0.860895
5.478215 2.009200
7.446287 2.374432
5.123042 0.719262
5.589233 3.167089
2.014947 -3.463644
8.770783 0.306398
4.577273 -1.819883
0.536532 -0.341720
2.609961 3.023961
6.020929 0.563320
2.519437 0.151402
6.344251 -3.195073
3.488202 3.051740
2.529041 2.194931
6.627394 -0.939110
2.110160 2.845714
2.078593 1.162341
0.434079 0.701950
3.594275 -0.449652
3.171647 0.674599
2.514167 -2.381579
6.247191 4.461734
5.883374 0.244473
3.220190 -0.309030
4.505554 0.244875
1.320566 1.275140
3.210261 4.266689
3.968341 0.032341
6.123285 7.181090
0.823932 0.279820
2.592623 2.159575
2.490442 -0.172767
3.508377 0.010439
5.082960 -0.634452
-0.956575 -1.338342
0.607569 -0.543445
5.079782 -0.968641
7.032537 2.252060
6.223453 2.062689
3.544577 1.727983
5.383835 1.188420
5.185486 -0.272100
5.252259 -0.301085
4.814020 -1.231492
3.934192 -3.680071
6.788768 2.032499
4.047995 -0.128536
3.940857 3.614211
5.966432 1.793574
0.102376 -3.416201
1.244316 1.868648
2.526823 3.364080
5.322433 2.326287
4.503506 -0.553130
4.942583 2.874249
6.136814 -2.229029
5.748167 -3.879044
5.748929 2.380915
6.196663 2.051009
3.450932 -0.760582
3.956779 1.162691
5.365295 0.799614
6.572973 0.767599
4.045888 -2.959989
-0.279040 -2.279796
3.534757 -1.790564
2.250373 -3.125743
4.368081 2.647844
3.590394 2.169172
2.043795 -2.329272
3.542423 1.319737
5.182669 -3.744099
3.015879 -2.166856
1.373413 2.665189
5.088872 5.710731
2.887813 3.461773
5.036330 0.569068
5.255378 -1.362587
1.443623 3.150344
6.816654 1.546310
4.412495 -1.613439
0.037167 -2.602616
4.830853 0.355488
6.114262 -1.459902
4.023327 0.290081
5.753727 0.585653
7.060258 -3.504076
3.426850 2.771683
4.383172 4.173687
3.453864 -0.892187
1.612783 -0.858569
2.731154 -2.951174
1.571712 0.123967
0.906840 2.715291
5.715460 1.523067
5.096471 -2.724178
6.963797 2.837703
5.437669 -2.346442
1.096271 -1.061171
3.441835 2.811145
5.567491 -1.757577
-0.251842 -3.255552
4.882210 -0.446293
4.948178 2.228964
1.565163 -2.335834
2.405483 1.658759
2.711457 0.905001
3.167970 -1.905648
2.594294 0.607963
4.966911 -3.027911
8.322682 1.508834
1.808316 -0.228407
7.452336 -3.426140
4.000552 3.361522
8.906911 -2.576190
7.012635 -1.473474
5.422299 0.602761
2.917086 5.052553
5.269360 -3.114932
3.200228 -4.030045
2.707576 -1.466229
2.376700 2.804500
3.480810 0.980812
6.238571 2.327404
7.223817 -1.255241
6.860949 1.940220
4.632200 -3.359838
2.517121 1.852268
0.964106 1.257059
5.387300 -3.732451
2.000329 0.746116
4.684218 1.958105
4.482800 -1.868039
2.997446 0.920116
3.809469 -1.474851
4.063060 -1.037015
5.233179 1.837463
3.867962 -0.302543
2.659549 -0.399901
2.726535 -4.600066
1.769742 -1.707841
0.318128 0.651981
7.188834 -1.182160
2.295894 -1.280609
4.818452 -3.618384
1.563215 3.811973
1.986271 1.518341
0.101678 -1.468296
3.136681 -1.272157
1.468664 1.739902
2.697793 -4.481189
1.541655 1.573203
0.113762 0.001294
5.868159 -1.404358
0.868829 -0.166489
5.513679 2.421010
4.715919 -4.313065
4.644536 2.051434
6.026238 2.403451
3.419462 -0.480848
1.257527 -1.526004
2.911936 0.998094
2.687612 -3.557334
3.280012 -2.162876
5.848999 0.984769
5.892445 0.292466
4.819821 2.174969
4.389799 0.485750
3.039309 -0.023901
7.760119 -0.027870
5.677689 -0.124491
3.562371 -0.012482
5.092124 -2.320694
-0.286579 6.412071
1.406064 0.749135
5.238275 -1.100877
4.718674 -3.049483
6.116823 0.827149
3.539240 1.169570
3.225171 -1.110696
1.937057 -0.359815
8.380299 -3.134249
3.615293 -0.755107
6.490649 -0.942037
1.749409 1.739327
6.557844 -0.744772
5.053333 -1.425202
3.161611 -0.836757
1.770069 3.272757
5.659756 0.639676
3.522594 -0.846697
2.525360 1.531512
3.377308 1.616258
2.777219 -1.005757
1.624500 -1.110972
5.325024 -1.686643
5.034159 -5.157391
6.296143 0.207495
5.639851 -0.847569
0.818730 -3.272782
2.887686 -0.280149
2.765367 -1.367282
1.965305 -1.623270
1.728464 0.346243
4.923814 -1.610463
3.378626 -1.616857
2.271033 -2.596362
5.716391 0.729815
1.753452 -1.798504
6.420703 -3.864245
4.823477 1.943284
6.905180 1.793643
6.615294 0.513104
8.083389 2.344527
4.319626 2.518632
3.998713 0.490014
0.698929 -1.836659
4.992075 -2.133330
3.019539 -1.252532
4.704936 0.444570
1.365576 2.253719
0.064023 -1.038892
5.389339 3.034958
-0.208937 0.379917
4.270761 1.473654
6.541336 -1.649217
2.112681 -1.164925
4.767375 -2.285436
6.981112 1.126154
2.225401 2.993532
5.203989 -0.556577
1.301023 -2.605655
8.113786 -1.446844
7.614487 3.002577
7.495033 1.091458
3.912614 -0.566543
6.351610 -2.551177
2.698129 -1.868108
-0.366891 -1.955929
2.953580 0.678653
1.837887 -1.223234
7.678375 2.038706
4.299137 -3.487655
3.553913 2.673020
5.438948 -0.430855
5.224480 1.074406
3.280240 1.487906
2.713145 0.807020
4.331781 -0.486160
3.337279 0.485006
2.223654 -1.468213
8.136744 1.065723
3.085730 -1.713924
3.968974 0.899699
1.655614 1.678231
4.426123 -0.542160
3.992123 -1.293613
2.392122 -1.627088
5.886094 2.503616
5.059062 3.447391
7.410167 -3.803948
0.703032 -0.948612
8.676270 0.917957
2.290784 0.130485
6.516223 -0.986785
1.510697 3.333871
4.461227 5.515817
5.484185 1.936154
6.358672 0.281069
6.063530 3.344415
4.468719 0.389333
3.022667 -1.570158
0.513162 -1.497213
-0.359205 1.759766
3.666660 -0.698828
0.599296 -1.201529
1.792643 3.339407
2.258532 1.481834
3.688685 -1.332924
2.994900 -4.039366
1.430363 -0.887578
2.092856 3.091356
5.274242 -0.118800
5.259071 -5.487784
5.313240 1.883510
1.202946 -0.190425
2.665523 -0.035333
5.251377 0.665491
-3.962227 -1.229823
5.094684 0.027981
3.064834 5.705209
5.686708 3.161755
7.247854 -3.368194
2.301506 1.294763
7.382770 -0.720334
1.889807 1.583885
3.952797 0.673096
1.189495 -0.633811
-1.075168 -0.355291
6.336026 -0.672570
5.541276 -0.592504
4.023201 1.073616
4.135664 -2.844188
7.507682 -1.699738
4.395856 3.843093
5.411248 -0.459116
3.679715 1.451887
5.232165 1.962523
1.999632 -1.522151
2.449094 2.765606
4.191220 -0.263856
7.231986 1.627395
5.298241 3.336366
6.279701 5.791255
5.070154 3.429577
0.834314 2.515608
5.835483 -0.895284
4.150390 -1.986571
6.062422 -4.382586
6.440048 -1.624143
3.728676 0.707700
6.900179 -2.063079
6.713827 -2.257387
-1.033064 2.983836
2.810846 -3.610028
0.278005 2.030804
3.418493 -0.755291
0.684491 3.949402
6.530408 -0.795271
5.060099 -2.132374
4.571967 -1.674016
0.936027 -1.104653
2.734228 3.066052
4.863727 6.179845
2.908592 2.789477
1.596382 -3.038865
4.787446 1.629378
1.023875 -2.158733
5.898634 1.655769
7.276701 0.415631
5.266124 -2.011292
2.663770 1.742076
4.269639 -1.350886
4.228812 1.777859
5.353185 1.055269
4.855850 -1.281356
2.966313 3.491698
4.094231 -0.210845
-0.139075 4.593082
-0.169536 -0.105356
3.722297 2.135684
-0.063334 -0.775147
9.669807 -0.611514
5.090001 0.432074
3.669740 0.905368
2.900687 -0.995563
3.494892 -0.425379
3.899485 -0.255848
5.306843 0.715767
4.215791 -0.497653
7.562379 -0.630596
1.521465 0.068297
2.500394 1.574845
6.889557 -1.526771
6.116225 -1.825380
3.900409 0.057812
4.962923 2.857274
7.059790 0.551366
2.367862 -1.159928
5.760332 -0.414092
3.782271 1.380994
6.056655 1.541581
3.080040 -2.147835
5.715092 1.511983
3.387163 -2.269012
3.203483 -2.552468
6.257719 -0.850163
1.941134 0.628752
2.510054 -0.784567
3.194176 -1.729960
6.252259 0.989680
2.567668 0.428250
4.283542 -0.621802
1.027666 -3.375931
9.049001 -1.475223
2.424556 0.146340
4.881881 -2.057486
2.907721 -1.773333
5.289707 3.223378
4.299408 2.126972
4.249972 -1.372658
4.499850 2.230907
7.047650 2.061213
3.742584 -1.675637
2.415852 -0.969291
3.111956 -2.814092
5.077961 -5.167014
5.510290 0.634518
3.966230 0.248326
3.608931 -5.086286
0.160592 -3.473449
2.384805 -0.310617
6.760307 0.229031
0.835058 0.671989
4.705996 -1.427226
4.016053 -0.335921
6.726202 -0.001832
12.472123 0.328706
3.044635 -1.510940
4.345977 -0.113759
4.320185 -1.077598
5.740992 -0.084576
2.222128 0.322650
3.365577 2.336552
5.948674 -2.656898
2.376237 -1.313205
2.051900 -1.035033
1.028655 -1.315673
2.711865 3.947790
3.584296 2.251878
4.560766 -4.145385
2.225116 1.800214
3.017978 -1.241424
5.912023 -0.992567
7.076071 0.092676
5.334527 -1.051838
-0.394818 0.306666
3.938857 0.163862
3.338207 -3.711171
5.384640 -0.349683
6.176556 -0.115370
0.357633 3.812881
4.762775 -0.144070
5.717522 0.028512
4.085230 1.720339
7.419355 1.380417
6.614978 -2.344218
2.548522 0.066415
0.231185 -0.327628
3.446813 -1.554429
3.961981 -0.717987
1.985658 -3.995272
3.639460 0.080391
5.323370 -2.069577
5.132499 0.992674
2.446718 3.918470
6.485611 0.306567
1.354007 1.111175
3.550235 -0.453028
3.279321 -0.891405
0.587624 2.213362
4.566713 2.619494
2.076426 1.156419
3.423376 1.373183
4.748866 0.496585
0.261904 -1.427720
3.435527 3.795470
1.664228 1.872711
5.540827 -0.489814
4.460760 0.897475
3.722312 5.499828
2.170072 0.629900
5.161439 0.277796
3.376925 -3.207824
4.766664 2.278046
8.473021 -3.497956
1.580397 3.347762
6.434051 2.183382
7.562301 -0.106272
6.031444 3.217005
3.363595 -3.992673
7.929644 -0.556069
2.558454 3.106209
3.750535 0.053575
4.560927 -0.595241
7.671754 1.689735
5.596401 -2.124602
7.764825 -0.012663
3.827833 -0.413197
6.399700 4.254828
4.218244 1.654501
3.861119 2.515985
4.734145 -0.287620
2.629327 -0.088396
5.404320 -4.348267
4.522408 -3.164592
4.654987 3.120609
4.075254 -0.162525
3.442851 -2.342723
2.069336 0.182049
7.553200 0.525285
6.445093 2.765790
5.973449 2.510417
0.344454 1.250293
2.425851 1.902756
1.174667 -3.678653
2.940242 -0.853903
5.460368 0.101457
7.942076 -1.942488
7.757659 -0.705849
6.712037 -2.842994
5.107798 1.553306
3.168352 -0.826194
2.334868 -0.107426
4.456258 -2.234491
0.832454 0.185196
0.343709 -0.909943
6.703452 -2.966338
-0.861240 -0.545162
8.280754 -0.765213
2.241792 -1.378594
6.192762 -1.946657
3.872078 2.465830
7.828596 -0.739410
4.934681 -1.018006
2.268443 -1.390544
4.810696 -1.943393
6.087498 2.506204
4.892724 0.014566
0.023005 0.726404
3.772915 1.888546
6.200173 0.153601
3.850855 1.719870
5.803192 -2.047009
5.717321 1.638816
0.903491 -3.734687
5.191239 0.543640
3.811468 -1.255548
1.879317 -0.291107
5.875910 3.237940
4.571472 -2.543982
5.964251 2.993518
6.472640 -1.120841
0.134152 2.251336
3.873793 1.224338
7.705880 0.022761
4.755203 -1.305467
5.998784 -2.202633
2.773807 -0.336510
5.814410 -2.271961
3.715756 1.464110
-0.661145 5.139733
5.153036 0.138197
3.843441 -1.965119
3.663350 -0.992284
0.164965 4.129560
8.710026 -5.558865
4.748571 -3.091353
5.725839 -2.674239
5.176737 0.167514
3.661348 3.092962
6.526359 -1.673588
6.144333 -1.953980
3.224409 3.399718
3.613535 2.581984
5.447117 -4.361386
9.184247 2.313366
3.544756 -2.209766
4.681612 1.102792
3.356526 -3.347014
7.126679 3.707227
2.523967 2.311895
1.338572 -1.615290
3.193432 3.748727
-1.939002 -2.248325
5.952389 -0.456634
3.408670 0.245365
0.183965 1.759405
1.858645 -3.699192
3.758102 0.283855
1.491022 0.190737
4.772704 -3.416619
3.394627 1.305200
4.598502 1.092962
7.224693 -2.478984
6.427667 -1.320894
3.118194 -4.221865
5.612560 -4.172850
5.065425 -1.899154
2.717259 3.287267
4.089507 -7.011343
-0.857873 3.048734
0.978824 1.942474
6.659456 -1.360736
2.388728 -1.888061
6.378578 1.646708
2.864427 2.592703
3.037299 -0.913894
5.455046 0.708889
2.839185 -4.706505
0.565742 3.413423
2.080510 -0.435644
2.726381 -1.023187
0.357746 2.664362
7.166278 -5.015038
4.229340 -0.091227
6.281156 -0.991521
5.090292 0.250928
4.277428 0.159230
5.816673 3.776209
9.222127 -0.856975
3.491838 2.411529
5.501455 3.072608
-0.414491 3.683096
3.485717 -0.154297
5.046848 -1.470568
9.005540 1.978014
1.953674 3.856880
2.530272 0.346913
5.164339 3.006544
3.785479 0.350102
2.483157 0.871314
5.049191 -0.380240
3.009979 -0.021904
6.695666 5.250830
2.523032 3.229374
5.783739 0.254318
6.995198 -6.786785
2.229788 -1.067161
2.717010 0.993317
5.091314 -1.148790
6.519126 1.383953
7.524362 -0.253399
2.254794 -1.112176
6.131819 -0.620917
6.301798 3.449159
4.740086 1.277066
6.472243 -3.565028
0.017331 -2.249893
0.789569 -1.050690
3.167465 3.622628
4.383536 0.149301
3.293675 0.489216
2.618144 -0.978667
5.818391 2.910927
2.853406 0.375397
5.886829 -2.611640
0.090528 1.720114
6.793735 -1.784613
0.117996 -3.082245
5.185314 0.349803
2.836366 4.585277
3.193449 -3.490812
8.192821 2.127197
5.183733 4.581170
4.225508 1.813405
6.198178 -0.442084
4.768644 -4.048152
1.453407 -0.216743
8.315255 0.397370
8.951053 2.705030
5.692891 -1.719552
1.551368 2.363252
1.730886 -0.643480
7.027942 -0.994193
1.792634 1.080475
3.132727 1.096683
1.875384 -2.729859
1.793916 0.052049
-0.969660 -4.059514
5.009350 2.386927
5.823745 2.580180
4.567676 -1.423492
5.553688 1.431881
4.546618 -0.468198
-0.572415 5.917484
1.391192 1.840435
4.018694 4.092786
7.246671 0.493500
4.993336 -3.167613
2.305987 2.076597
2.908764 -0.466715
1.004361 -1.748589
5.721413 2.095586
5.000856 1.627033
2.516507 0.893057
7.716357 1.255573
0.085072 1.193796
4.341802 0.835386
6.429083 1.824537
3.741238 0.317835
2.944224 -2.355244
5.581469 -1.783408
6.115917 -0.735605
2.279533 0.877924
5.229616 0.250194
1.541621 1.451453
2.569350 -0.910163
3.960586 -1.029248
3.625812 0.779109
4.123116 -0.171306
2.927479 1.068879
1.956601 -2.653445
5.745353 3.872163
3.938062 2.769098
5.507145 2.937333
3.716249 -1.716977
2.165374 -0.907270
2.686062 -0.071716
5.911858 -2.628398
3.594060 4.159710
1.611989 -2.829326
4.796396 -0.786774
3.444866 -1.472515
7.122719 -1.516444
3.163888 5.222792
5.528340 -0.451188
4.804640 -2.011643
8.194874 2.502609
4.205850 -0.628241
5.421751 -1.885192
2.664818 -4.103403
5.790303 -3.340392
2.633846 -0.299125
1.613709 2.205928
3.494788 0.682266
3.670672 -3.831751
3.784619 2.842574
0.064282 0.790523
6.867199 -0.224570
4.574857 2.251531
1.437607 -0.657431
3.220587 -1.435839
5.906114 0.867640
1.741320 3.260476
5.745407 -3.341029
0.265355 -1.331368
2.049960 3.011376
3.176374 4.513538
4.981613 -0.939643
5.001381 1.172490
3.011182 -1.702951
3.614090 -3.585667
2.580115 -0.123134
5.075016 0.866178
1.775274 1.995036
2.775451 -0.428482
4.730729 -1.737234
3.948419 1.392675
2.182406 4.455363
4.236589 -1.849206
6.082104 1.222852
5.760826 0.945680
7.053708 2.924398
2.627537 2.023984
2.138874 2.554262
8.562052 -0.069784
4.273568 1.896876
6.962295 -2.180569
1.736344 -1.029922
4.832788 -3.481277
4.700907 -0.274077
4.346696 -0.571066
3.535813 1.158713
3.480164 0.099798
4.299635 1.512218
1.519736 -3.705387
6.645906 -0.256048
5.083355 -0.879029
3.642317 0.726278
5.999721 0.903546
6.090562 -4.613193
4.311793 1.751396
5.060121 1.154852
3.645328 -3.486025
1.977063 1.073554
5.764945 -0.452044
-1.213067 1.597067
6.451488 3.394781
6.443339 1.498523
4.401956 0.495905
4.558752 -0.284306
1.368084 -1.633020
5.631330 -3.109679
4.934886 0.181690
2.695671 1.024709
8.942420 0.287768
1.019172 0.489936
2.894139 -2.098551
7.972652 3.339727
4.513480 0.658770
5.088998 -6.568079
3.189907 -1.237862
8.968603 -1.680508
7.941965 -2.261823
2.352038 0.996037
4.974439 -5.274413
4.202935 -3.792757
8.336243 1.904963
0.414853 -0.606055
4.867198 1.614331
6.689691 -1.904588
3.997855 1.024123
4.085425 2.118013
8.430329 5.991149
4.119459 0.061307
8.739959 -1.541928
6.302700 1.575572
1.632752 1.611223
4.099341 -2.053231
2.808262 2.032920
-0.712542 0.900581
-0.626719 0.569543
6.015251 2.230956
5.424286 2.037215
2.730572 -1.777370
2.008959 1.887062
3.178690 3.228081
3.991196 0.056515
4.119078 -0.985159
8.464571 -0.808860
4.107100 1.174623
8.254464 -0.788790
3.432915 0.258214
3.524061 2.947934
3.444205 1.741508
6.169365 -1.959100
7.044003 2.787679
3.550309 -4.429208
3.896267 -3.166048
6.457645 4.822987
5.523220 3.116816
3.587959 0.873997
0.710241 3.445631
4.728431 -3.804311
4.914761 -1.428386
3.923868 1.983963
1.536970 0.041038
6.063715 -0.613496
3.819351 3.436587
3.379157 1.104593
2.683814 -4.877087
8.056656 3.812432
2.865722 1.090726
1.198281 -1.681931
2.706405 -0.419812
1.183619 1.455919
4.064923 1.303282
3.180567 -1.188358
2.323639 1.096241
3.091770 -4.305966
4.267512 0.143252
1.803910 -1.371956
5.541932 1.815797
0.227218 1.072979
5.619398 -3.638338
4.716808 1.309267
3.299189 -0.988942
4.082872 -2.433572
2.021441 6.138088
1.531756 -1.438314
5.001325 -1.324562
5.687950 -0.475165
4.019711 0.103212
3.541017 -3.812140
5.571417 -0.731376
6.978779 -2.113049
9.038487 0.979112
6.509459 -0.055261
4.355805 1.121978
1.519699 4.389281
2.582169 -0.164688
6.416138 2.621276
2.285165 -1.729172
4.008219 2.687613
3.679365 0.486317
4.971570 2.095521
-0.279073 4.810822
5.359400 -2.442526
0.043313 2.357864
1.589017 -2.173043
5.640826 -4.357967
-0.376780 2.118187
2.555168 -3.859234
3.672950 0.673939
3.626546 -1.114811
3.983803 -0.248665
9.811324 -1.867333
2.555153 0.142434
4.429212 -2.628383
4.750901 1.585598
2.399307 0.940378
5.651856 1.977905
6.660275 -3.303461
5.417347 -2.632175
2.549206 0.777544
-0.053757 0.271957
1.490315 -3.209571
5.804718 0.545391
3.579921 -0.055484
6.922784 -1.288905
5.613899 1.154121
3.401311 -2.541508
1.743262 -0.790814
7.433301 -2.265901
6.650243 1.322349
3.317410 3.418533
4.109265 1.830610
5.834951 -1.563041
8.042632 -5.726836
1.621827 -5.151947
3.180234 0.054340
1.188645 -2.824615
3.082780 -0.213981
2.998798 -0.296804
4.671837 -1.538193
2.226349 -3.357660
2.549225 -1.129866
3.762831 -2.113368
5.906727 1.584902
5.618675 4.948852
4.549814 0.301416
0.287722 3.772696
-1.279194 2.179535
3.258125 -0.199117
2.993561 -0.714774
2.454907 -1.962322
3.114877 0.722218
0.857820 -2.380732
4.250164 2.897424
7.841613 1.385340
7.438762 3.527219
7.409866 2.913182
4.335018 3.201377
5.148032 1.492049
4.100443 -0.427823
5.263016 -2.244291
0.674225 -3.481481
3.973590 -0.267533
3.394063 -1.266873
2.130607 0.541366
5.671943 -0.063668
4.744319 1.539060
5.914400 -0.012779
5.196556 1.475075
4.479826 -0.541776
2.050639 -1.971766
0.901085 -0.749602
2.737107 -0.392603
3.200562 -0.824654
6.440480 -1.728836
4.317511 -1.997884
4.456630 0.150398
5.433787 -1.762162
2.593572 -3.202671
3.097580 -2.709385
3.569600 -3.704987
5.147930 2.477770
1.731507 -1.328763
5.108733 1.786763
2.836948 -2.619910
3.831947 1.374708
6.447708 -1.147382
4.639569 1.923604
7.120757 2.783208
5.309440 2.624043
2.630716 1.382426
7.383836 1.291329
2.071337 1.353695
3.424779 0.753616
5.397188 1.070188
1.880831 1.076923
5.523771 1.575378
6.123873 -0.391564
5.224018 -0.395577
3.471348 -0.371105
5.036250 0.695884
3.449703 0.822317
4.959652 -0.386737
3.044444 2.524189
3.388047 3.946443
4.206238 -1.049614
3.389380 1.542691
5.387353 1.250181
5.030624 2.654573
5.395450 1.462811
5.684181 -1.091192
1.120131 -0.255037
0.368324 0.492207
3.920343 0.858025
4.568822 -2.529854
8.355663 1.367661
6.171131 1.773601
6.381074 -1.772915
3.172202 -1.340669
3.141380 -0.086680
6.686251 1.540961
2.857444 1.560426
3.283710 -0.361321
5.220375 -0.359987
3.757065 1.779126
5.190733 -3.390948
4.863251 0.718053
2.815012 3.411028
1.325737 -2.330106
6.787222 -2.822700
3.107341 0.550269
4.397701 1.476777
5.056808 2.344818
6.019940 0.433479
0.842023 0.544032
3.463096 -2.152768
9.649910 -1.529638
5.447229 -1.950446
6.709910 3.144236
5.734689 -3.854756
2.443467 0.980213
2.757550 0.015565
8.135137 1.536560
5.586581 -0.011194
5.874561 1.803618
3.439205 1.328979
7.315097 2.088086
3.245841 3.774331
-0.159884 0.880579
3.407665 2.049250
6.144288 -1.875145
0.949412 2.315934
5.447186 -0.584417
5.664803 -0.330292
3.123095 -0.556355
5.928935 -3.198644
4.476586 1.594145
5.282177 -1.055110
4.110625 1.632653
2.846218 -0.094694
3.128825 4.566413
7.277178 -1.820286
7.404725 3.249576
4.861174 -1.061479
5.969943 -1.562361
3.805385 -4.243654
-0.379722 2.070838
5.289421 -2.321192
4.372875 -0.586033
4.662188 2.671990
2.499484 -0.132059
2.104508 -2.216125
2.002888 0.469959
8.695695 -0.581512
6.543990 1.533142
3.600676 -0.099549
4.312951 1.523452
-1.853457 -0.205034
5.952585 3.190499
1.526884 -1.442662
3.133429 -0.601203
2.416960 -0.243480
3.449209 1.760130
0.386015 2.759029
1.693174 0.018072
0.444877 -0.458225
6.806857 -1.205872
4.131321 -1.394939
3.963002 2.695347
3.831284 2.832976
6.998701 3.817302
5.722344 0.642247
2.647589 1.393159
2.660974 -3.633914
-1.519120 -2.163424
3.775162 -1.893122
1.845841 0.567596
4.564151 -1.774998
6.715521 -0.986044
5.464622 1.286258
4.035022 0.914397
2.152085 -1.235066
4.311861 -1.225687
0.131743 3.544409
2.574675 2.350911
5.203986 1.858791
6.853845 -3.025020
2.694704 -2.753789
2.393676 3.711697
3.277118 2.176914
4.354786 -1.299047
4.106371 -6.488636
0.548599 0.898385
6.444907 -2.053563
1.753743 -4.470814
0.910286 0.156490
5.025789 1.823651
3.232854 -4.761986
6.650149 -0.191623
4.227558 2.598870
3.531331 2.626544
6.557783 -2.165993
2.141548 2.451858
6.086744 -1.203551
6.445185 -2.308616
4.178215 -1.625249
2.696748 -0.452378
5.917294 -3.281932
4.587648 -0.328626
3.869171 -1.552650
4.365811 0.835962
6.194849 0.767329
7.771688 0.368888
6.865240 -1.379524
2.353125 0.729482
4.813180 -1.071216
4.034774 -2.057307
4.328802 -3.419344
4.121082 -1.278556
5.076337 -3.356985
6.842115 -1.896204
1.281336 2.132228
4.985861 2.397113
2.230272 1.674165
3.697137 1.582815
6.874192 -0.088108
0.024690 0.368305
2.521615 1.927965
3.347819 2.328192
5.768764 -0.641664
3.993728 -4.802543
1.208562 -4.671308
6.672219 1.848366
5.951858 -0.525773
0.735719 -1.063313
6.033144 0.552582
0.836541 1.762651
1.775342 3.096473
2.483738 0.903026
3.703288 -1.882495
5.343352 -1.527714
5.664109 -0.744367
6.615555 2.866055
0.727681 -0.910681
10.411268 1.704560
-2.128096 4.683798
2.435141 1.265896
2.185415 0.907254
4.670495 -3.515915
2.371906 -3.378041
5.483113 0.268505
8.322848 -1.606449
-0.134124 -5.088862
3.093052 0.887172
2.461181 3.823007
4.872848 -0.142397
4.229126 -0.976648
0.667269 -1.817698
6.138437 -1.885548
8.359848 -1.026866
7.287635 -0.866159
0.477161 -1.588121
4.595473 0.994299
4.500011 0.653496
3.080175 -1.843800
5.269498 0.624002
0.250770 -1.192585
3.751882 1.374478
3.460778 0.601706
7.489517 -0.554632
2.865752 -1.484182
7.863025 6.923586
-0.128798 -2.157968
4.493622 2.028679
0.355003 1.616280
3.418545 -3.395020
4.064783 1.017588
3.193548 3.451169
6.457366 -0.633487
6.323234 0.562166
2.281614 1.106252
1.705468 -0.209704
4.884141 0.150624
7.397662 0.919339
4.776250 2.096467
4.411933 2.452688
4.291460 0.762250
5.055293 -0.568083
2.875691 0.392497
7.077832 2.010027
3.000342 -1.902957
6.032056 -2.234981
2.938452 0.734535
3.443750 -1.731016
-0.767271 0.168356
5.735786 -1.010070
4.216876 1.027708
1.242560 -1.987580
3.262576 -2.362554
5.895346 -2.235797
1.344760 2.211300
4.792955 0.291696
6.323457 -3.312198
6.275299 1.536281
5.618023 1.703860
6.254807 -1.942759
-0.371338 -0.984911
10.380900 5.072392
-0.083246 -2.363745
3.562439 -2.619182
2.314155 -0.162141
4.661355 -5.852939
3.888593 -1.597355
6.243906 -1.581802
4.274485 -2.002603
7.448406 -1.927058
6.139705 -0.915889
3.243766 -0.892909
5.442072 -2.711034
3.106901 3.689185
4.456866 -0.533667
2.213072 1.584195
5.110086 3.068575
9.770672 -3.596216
1.786191 0.745749
4.021325 0.458761
4.799452 -0.017328
4.858881 1.158487
7.563190 0.271885
2.573237 2.577974
3.191384 4.876746
0.267205 -1.328419
3.036311 5.951772
3.290818 -0.284937
3.507837 0.057043
5.560036 1.339281
1.306361 -0.703874
7.006646 1.554377
3.813568 0.803198
4.072938 1.934891
1.825452 -6.061616
1.275371 -1.297379
5.287984 1.011614
0.144990 2.238283
2.104232 -2.419254
1.304933 0.148213
0.827586 1.972649
1.930466 -1.730466
3.544078 -1.176966
3.977228 1.226062
4.856225 -0.232393
2.922536 -3.687091
3.786607 3.074605
8.854074 0.901615
2.413431 -3.352084
3.398605 -2.960591
6.319772 2.077616
4.277830 0.882792
6.185198 -0.754558
2.891719 -3.265702
3.353449 1.270440
3.080702 0.963849
0.987941 -1.905520
4.102037 0.896956
1.411369 -2.256405
7.919159 -3.686250
6.240929 3.495874
4.953796 -0.917279
7.750523 3.439310
2.185475 -4.325160
4.692956 0.418831
6.324002 -0.107331
4.019543 0.889380
1.261835 0.421943
4.523159 -0.482664
0.676887 0.478136
2.474079 2.403158
3.899608 -2.823350
2.584495 0.631833
4.014378 2.994544
5.793141 4.185077
4.422729 -2.355093
5.299122 -3.850791
1.330503 -0.482996
0.289211 3.019391
1.161213 -2.037667
1.903980 2.465457
8.961461 -0.384757
5.944722 -2.840081
3.482098 1.588817
0.260255 -0.257922
6.471885 0.420010
4.968044 3.114885
5.621603 0.851044
2.631233 0.118189
6.216118 0.498534
1.853011 -3.678040
0.744343 0.590693
9.250224 -0.222348
-1.773981 -0.381348
-0.383544 0.312409
3.712953 2.109857
6.423857 -0.467845
8.597229 0.591765
4.823376 -3.350966
-0.735033 -0.937975
8.477020 -2.182937
2.780568 -1.691305
3.747802 0.276302
6.849797 -1.165833
6.308243 1.452107
3.199283 -0.068389
6.662413 -1.311577
4.620490 -0.010529
1.719299 -1.897754
4.736699 -0.014130
5.671169 1.877872
6.370644 2.925714
3.009053 1.439430
6.491829 3.214783
6.216879 -1.639820
2.290305 -1.715901
2.041000 -0.564418
5.745201 -1.148476
0.813030 1.891581
6.729834 -0.997394
6.513423 2.186911
6.124252 0.316321
3.037357 1.438077
5.187074 -0.107297
4.812199 3.139582
5.089935 -0.420389
3.745096 3.462227
3.765510 -0.023448
4.523803 -4.062820
7.244796 0.925363
2.453866 -3.683641
3.164343 2.061229
1.039558 -5.050907
-1.375117 2.842261
7.765121 -0.268611
3.080512 0.417624
5.532170 2.637826
2.855469 -3.171479
2.896647 1.398939
2.717680 0.524553
2.975140 -0.479758
0.397342 -4.181032
4.138308 -0.334714
2.618951 3.891935
6.449854 1.203933
3.627491 -2.128225
9.394943 3.028094
6.905235 -0.551954
3.823588 -2.721971
4.201814 -1.572585
6.058623 0.528026
2.939370 -1.329268
1.798320 0.380610
2.946242 1.956854
2.769163 -0.526695
5.155028 3.206894
2.815277 -0.244765
3.357551 -2.937348
3.055012 2.780669
6.089291 -3.312201
4.153337 -0.954738
1.519456 1.816639
3.961902 -0.405493
3.179926 -0.479964
4.271084 -3.257344
6.408165 1.852998
5.549844 -2.149327
1.720832 -1.697628
6.168309 -1.143283
0.062537 3.205240
5.605640 -0.246991
-0.164728 -0.071951
6.460893 -2.240595
5.240952 3.186682
0.813838 2.717581
1.491356 -3.624086
3.438353 -0.148073
0.692372 0.376558
4.720930 -0.233702
4.977187 -1.484198
6.707500 1.463683
-0.054945 0.117312
2.631660 -0.781229
4.507263 -2.215345
-1.413142 -1.125181
0.432227 1.926048
5.610290 -2.021466
8.164234 -0.203293
2.096635 3.179785
2.966510 -0.499998
3.670031 -1.651510
5.302034 -0.927575
2.303174 -1.842253
1.184574 0.355095
5.490993 0.037631
2.518226 -0.074117
3.122821 1.166704
5.163670 -0.320195
8.491134 0.750618
5.801651 1.376300
2.985087 1.207614
5.292524 -2.843678
-0.200058 0.921864
0.439076 -4.062714
5.626443 -0.553874
6.239011 1.131427
6.291262 -0.551233
5.577969 -1.096184
4.924078 2.370452
1.593337 -0.725880
6.756036 -4.560038
3.229703 2.404273
6.399319 -0.718327
4.431587 -1.412736
-1.872943 1.065826
6.152058 1.228101
4.526146 -0.830686
2.289793 1.191055
5.478012 -0.082412
2.981919 1.475485
5.530721 -0.680064
5.331208 -1.321596
4.365849 -0.800985
1.253985 1.431240
2.233224 0.798847
7.264093 -6.011078
1.621006 -0.760247
7.995958 1.806620
3.230206 -0.223970
4.392914 0.025206
0.531735 -1.797456
5.911507 1.612336
3.514608 -0.060623
4.993817 -1.205268
3.776920 1.662946
1.897191 1.188042
2.499059 -1.787706
3.802901 -3.800848
4.132550 1.032547
6.791886 0.056223
4.253514 -1.851654
3.118315 -1.717859
6.331586 0.673382
8.004421 0.099403
4.476202 1.948126
1.973534 -0.710639
-0.005088 -2.838780
2.909941 0.090013
3.262088 4.336649
3.737427 -2.298373
1.833960 -3.126872
0.155016 1.175697
4.363552 1.754382
4.062779 0.895908
6.163084 -0.193046
2.311580 -1.080664
1.589255 -4.822228
3.423349 -3.429580
9.241322 3.021065
0.525465 2.185455
2.358986 -0.036444
3.084858 -0.657124
1.106574 -2.067508
6.659126 -1.706382
2.733580 -0.272703
7.575137 -3.015735
4.096503 -3.044137
6.154710 3.149419
0.919191 2.294091
4.780893 0.176829
3.074404 -0.147536
6.649541 0.605564
6.447564 -2.807891
4.685755 2.948762
8.953775 -0.682456
5.899219 3.513625
1.555399 2.879047
6.786186 -2.367334
7.865735 -1.771864
5.843615 -3.602343
9.745857 0.231461
0.334422 2.342456
0.970346 3.920760
5.209273 -0.509032
4.055946 -2.432294
1.272404 -0.668921
4.366516 -0.906958
4.192324 -0.934045
2.174946 2.891116
3.509148 -2.438585
3.232133 1.008647
1.803381 0.799502
5.635655 -2.791073
0.094082 -1.253799
4.835980 -1.571806
3.087378 1.148470
3.127473 1.442532
6.391671 -4.776934
5.009155 -3.137458
-1.305182 -2.496743
5.786124 -3.599640
0.617459 -0.541046
3.199803 -1.450820
5.254895 -4.602226
4.634966 1.886709
5.852661 1.967648
1.455420 2.113290
4.656222 0.691847
2.362703 -3.831792
5.827250 -1.365314
3.036946 0.852414
4.881332 -0.923718
5.290738 -0.857334
6.804104 -0.181679
2.558814 0.887543
6.031086 -1.767060
1.089098 -1.195272
5.218754 0.606931
5.334942 3.795702
2.855897 -0.312092
4.390248 -0.417089
1.273957 -0.144095
4.672298 -0.421947
2.914753 0.374827
1.621397 0.989524
7.341424 0.706133
5.991748 0.636774
3.898932 0.608656
6.659320 2.646999
9.151508 1.105581
-0.362772 0.990021
4.893334 -0.301333
1.584057 3.592433
6.700905 -4.064865
3.506318 -1.560068
5.167503 -0.820770
5.194301 -0.665840
7.443003 -4.124757
3.818651 0.133930
1.403760 -0.861727
6.536475 2.437987
-0.923266 2.544693
3.624612 1.532156
3.299006 -0.033724
1.781430 -1.833247
2.937918 1.969154
3.589456 -2.936506
2.397788 -2.262324
4.308910 -5.725834
3.655195 -1.444807
2.300923 5.260840
4.057874 0.012142
4.467168 4.582111
4.660061 -2.807864
2.865173 -3.770003
1.026045 -1.274746
1.646437 -0.345503
3.477880 -2.061511
4.195511 -0.668285
5.107530 -4.254940
1.950923 -2.214394
3.935954 1.058657
5.840921 1.975942
2.113737 -3.022167
3.834225 -0.993972
3.025098 0.287795
2.974911 1.801904
3.385853 1.883312
5.157326 1.047130
-0.591605 0.033728
4.977727 -0.851933
6.046558 -2.961384
-1.495519 -0.389484
6.430313 0.390243
3.761112 0.367760
3.001749 1.601451
5.109430 3.487578
3.192878 1.741737
2.261584 -1.231861
4.809613 0.330848
11.134374 2.062433
0.852950 -0.547765
4.455690 0.914176
6.162920 1.074934
3.715720 -1.647950
6.523453 2.563287
1.276148 2.478803
6.352869 -1.079008
2.395528 4.204945
3.972317 -2.146702
4.257789 -1.950612
1.446138 0.118655
4.562830 0.997209
7.124773 -1.594429
1.212800 4.185617
0.915885 -0.572075
4.961690 -1.453517
4.236141 0.898580
3.774499 -3.252273
5.262182 3.818816
1.373459 0.246242
6.062980 -1.113452
2.243274 -0.366947
1.204279 -3.154486
4.420701 1.113777
3.674037 -4.043967
5.565018 -1.318045
2.601390 -0.381672
3.648808 0.165370
7.120631 -2.026634
3.097879 3.700198
8.672624 3.705874
5.038777 0.118398
6.655305 1.524575
4.894875 -1.002666
5.492849 1.095971
2.175966 -0.817572
2.237005 0.816889
3.237822 1.572887
3.109259 -1.012635
1.887749 0.481700
2.651387 0.431389
-0.148358 -0.677707
0.700188 -0.794201
4.000400 0.842645
3.389591 6.759215
4.270275 0.147879
5.390905 1.761849
3.042819 -0.115738
3.344113 2.716081
3.947902 -1.930620
2.428199 -1.113641
5.337183 2.335622
2.236440 4.422726
-3.218311 5.798315
4.041944 3.237494
3.952601 -1.079676
0.684407 -0.857583
7.354586 1.225192
6.050073 -1.546009
2.655748 1.199883
3.255431 -1.808654
2.555143 2.430526
4.632050 -3.358542
4.757061 -1.657874
0.726010 -1.721093
4.512414 -2.505607
5.645569 -3.239172
5.772528 -2.571326
4.097514 -0.013548
1.047855 -1.807936
6.009813 3.276546
3.170541 -0.023853
5.968414 -0.465054
-0.278943 3.016520
5.905493 -0.876621
2.872739 0.846721
5.507771 -1.848213
3.272639 0.906056
3.642102 0.995690
5.815044 0.673856
5.929004 3.745749
2.782651 2.574922
9.062064 -1.128502
1.327198 1.515600
6.308753 0.032204
5.279907 0.560593
3.297323 -1.756102
2.648647 -0.070770
1.050138 -0.708831
7.049092 1.368450
-0.316482 -0.072798
3.313341 -2.096686
0.379823 1.676156
4.644269 0.730293
2.523776 -0.574891
1.958241 -0.890399
4.353739 1.957743
5.354938 -0.584417
3.941499 -0.276910
5.190653 1.552965
4.393164 1.145524
2.464220 0.489760
2.662093 0.123649
4.676687 -2.685023
6.396642 0.068633
8.916563 -1.793996
0.233365 1.609854
3.105850 0.014364
3.801565 0.583376
1.202625 -0.530575
1.093778 -1.546761
2.923373 2.031293
6.934966 2.074721
0.616719 0.619027
2.343671 0.210977
2.565844 0.534994
7.753029 2.661696
4.144099 1.132410
5.535693 3.043884
2.452242 0.458505
5.466126 -0.765474
3.808355 -0.676093
4.517444 3.680449
4.114842 -1.150653
4.033662 1.173465
2.477596 2.051756
4.901530 -0.583110
3.410887 0.677118
3.891204 1.046189
6.468674 -3.329561
5.964720 -1.439085
5.383926 2.032761
6.112946 0.306326
2.540449 0.353392
4.213426 5.396634
3.857507 0.473442
5.371818 -0.678608
6.333697 4.018112
2.645965 -0.700070
5.934861 -1.841754
6.451506 -1.687195
3.261679 0.651738
4.349640 -2.015173
7.423360 -1.020159
2.391729 -1.878161
4.641678 -1.465269
7.883902 2.407092
3.499653 -2.420845
-0.052735 0.218400
4.646210 -1.964929
6.313020 -2.406476
6.747996 -4.325740
5.904374 -0.600250
6.357648 -0.596237
4.840349 -1.110241
4.696811 -2.203239
3.357584 -0.808439
3.468459 -1.483624
9.504985 0.768974
3.888619 2.186956
3.129174 1.149683
1.880206 0.853964
9.228547 1.018676
5.984894 -0.098847
2.825777 2.500084
6.739661 -1.889738
1.997323 -1.682594
5.674345 -0.397884
3.099706 0.036849
4.342844 -0.616606
0.757039 0.150101
4.028050 -3.596581
1.030148 -0.479566
4.995360 1.261274
3.426571 2.724833
2.542830 2.168007
2.979078 -0.053182
3.822632 1.022906
4.585283 -0.237399
4.968629 -2.069189
4.057718 3.832645
3.862880 0.993094
4.018144 2.763553
5.606163 6.613212
4.120240 -3.309889
1.830320 -3.252287
3.481178 -0.249926
0.179685 0.714578
7.042837 -1.291605
2.312902 -0.550979
2.756178 -3.052344
0.753068 -1.096379
6.763586 1.330435
5.026883 -0.072308
2.514946 -1.712553
6.988531 3.892730
6.675148 -2.015072
7.575731 1.889418
5.880645 2.595846
5.853422 3.373739
4.279345 6.418327
2.831279 2.024566
1.942488 -1.842747
4.782689 -1.018191
2.927631 0.590003
2.552013 0.368380
5.464752 -0.088140
4.389548 -4.137128
2.714388 -2.445527
3.390821 -2.382064
8.512411 -1.371842
2.112337 1.352155
3.363536 -1.611318
4.990369 0.124337
5.266309 1.277730
5.285164 0.056918
5.372094 2.936699
3.073096 -0.383279
4.068356 -0.191324
5.958277 -0.470262
0.947340 -0.200604
3.724121 -0.813742
2.430957 0.800581
2.329534 -0.679162
2.208831 -0.123812
3.182539 -1.289387
5.690071 -5.080269
4.420985 -2.286109
4.542119 -1.058126
1.116326 2.794061
-0.405607 0.666206
7.537734 0.197931
2.490290 -3.360527
2.275982 0.427129
8.103553 -4.413209
4.791568 -0.541535
5.588266 -0.020267
6.501962 1.564838
5.441712 2.886628
2.334412 1.502590
6.508322 0.891085
3.594763 -3.085721
8.017515 1.510597
3.752920 0.024838
2.178322 3.660220
6.813652 1.079618
0.315318 1.790723
4.129593 1.170970
5.593398 1.118262
2.809409 1.656484
3.582641 -0.213549
3.723041 0.951899
4.129269 0.126111
0.911706 -0.225943
-0.014114 -0.821752
6.739805 -0.270066
5.491916 -2.631251
3.912040 -2.194351
5.030219 -4.133825
2.844843 -2.417030
3.452335 1.212766
4.274614 0.743896
7.024319 -0.860870
3.611133 4.139339
3.273640 -1.964242
1.307384 0.636633
4.337138 -2.616479
2.083893 -0.683034
1.800524 1.087424
3.164314 -1.653481
1.803866 -0.009716
5.718943 0.030989
6.179097 -2.446067
4.327904 -0.303545
2.386272 2.321063
1.978075 0.177402
1.309085 -2.538889
6.457901 -2.212839
3.498096 0.811439
3.825216 2.329852
7.309595 -1.599453
2.281020 0.110603
4.780798 -4.323275
0.139404 1.436663
5.705837 -1.281457
4.859549 0.341690
1.744083 -0.139833
2.045539 -0.137579
3.693944 0.502803
3.952584 -0.061892
7.574829 -0.563761
5.433731 -3.509348
5.803948 0.090227
6.746364 -2.685573
4.203454 0.475152
1.055042 -3.379960
-0.074566 -3.216696
4.333966 -0.525985
0.486788 -2.304797
6.650528 -0.858708
4.038430 1.932887
1.383018 0.390814
4.616723 3.198120
11.948037 1.260819
1.468965 -0.172838
2.486710 0.681234
6.061558 1.049160
7.262317 0.061612
4.467063 0.911909
4.735126 -4.394451
4.878347 1.529789
3.609280 -0.128543
3.066128 -3.563487
-0.009265 -1.958739
6.398910 -1.045165
4.546155 -0.030874
4.184087 5.714241
3.321990 3.128067
2.697140 1.687211
6.841348 -2.616180
4.321776 0.873307
2.955889 -0.133375
2.782382 -2.736046
2.675161 -0.121589
6.069574 -1.213749
-2.508999 2.961978
2.824615 0.730483
1.882305 -0.111604
2.157604 -5.056508
6.562371 0.484070
2.317963 -1.535394
0.911441 6.404697
2.393743 -3.370540
3.082714 -1.097589
2.688963 -0.831964
6.879656 -0.603679
4.811605 -0.820509
1.490995 1.169965
2.351452 1.508397
6.256103 1.260518
3.591447 -1.253386
-1.136760 0.226866
3.068763 3.283956
5.128378 -1.762435
4.008748 -0.895790
4.290243 -1.993935
4.146363 -3.144806
3.367032 -1.620953
3.939112 3.040063
3.279371 -3.076116
-0.981113 1.569517
-0.592016 -0.774121
5.966142 -2.552438
3.777238 -0.496614
2.720017 0.017134
7.321731 0.425180
3.953452 -0.113978
9.051704 -1.931688
1.231935 -3.040994
5.271647 -4.392999
8.641279 -0.547822
4.875029 4.437902
-0.820492 -1.412679
4.538905 2.870698
4.765436 -0.569994
6.478828 -1.354964
3.785134 1.235759
9.000841 -0.737337
8.516353 -1.556628
-0.264345 1.885690
5.342679 0.882179
5.444031 -2.594683
6.403725 -3.989930
4.456978 0.690586
3.655572 0.601994
4.318057 0.013409
5.005795 -1.135397
6.462403 -1.508078
-0.194323 1.099870
0.862345 -3.550905
6.482841 0.012398
6.147582 3.090446
6.769934 -1.458102
3.362125 0.176103
5.773892 2.922770
6.530685 -0.277447
4.464454 -0.798222
4.969473 3.260579
0.090751 1.642913
5.181511 -4.925579
4.263479 1.831682
-2.121914 -2.113087
6.842534 1.800007
5.766456 -1.109904
3.043555 0.201543
6.479636 2.042830
6.394785 -0.513889
2.362577 -1.989035
5.401213 -0.371149
3.037912 -0.043074
2.946501 4.020509
3.970562 2.026338
3.199575 -4.408702
6.760468 0.908996
6.648294 1.353025
1.419930 -0.171321
0.236498 0.015517
8.697030 -1.092435
6.359284 2.031357
0.876337 1.226270
2.915311 -0.818295
2.751400 4.284561
6.352338 -0.352661
1.026911 -1.360954
4.325571 -1.245488
0.063258 3.190048
3.527930 1.135361
2.904453 -3.238552
3.289496 0.046151
1.844110 -0.645884
1.712091 3.633418
6.571905 -3.897638
5.789752 -2.282751
3.466147 0.546589
6.498452 -0.505000
3.368584 0.457339
18.659587 3.425322
20.945028 3.758630
16.752264 5.231002
16.886742 1.808112
21.616812 4.766858
16.092686 5.173634
23.080715 6.097726
20.865443 7.461101
19.662659 3.700960
21.448128 3.181973
15.048536 0.201973
19.770759 1.439549
18.298922 3.345636
19.238985 5.592265
20.831719 4.995963
19.536384 3.701113
19.194490 7.112557
21.123855 3.701074
17.335364 5.397910
21.642879 0.661728
20.523152 2.715092
21.670709 3.322707
22.172626 2.311154
17.332985 0.839056
18.834275 5.870244
23.194331 2.692090
17.958365 4.272063
22.784079 3.403559
19.721264 4.661160
20.224296 4.665613
17.903966 3.259848
20.913735 6.543310
20.068763 2.185094
19.219895 2.321310
20.498787 0.469104
21.187029 1.389819
21.440336 4.866827
18.259365 0.155759
19.130338 4.129669
21.115582 5.424103
21.826010 8.272584
19.097094 0.801409
17.311810 1.030759
18.939389 2.973436
16.778299 7.311547
19.301626 0.776662
20.618761 5.386365
18.169675 2.352994
19.465412 3.521758
14.997350 4.969895
23.947956 4.998842
17.649286 3.177320
23.015394 2.769142
18.653435 2.556506
17.865899 4.235628
22.052516 2.326595
19.663112 2.270283
21.213219 5.160206
16.183394 -0.245463
20.698078 2.557863
19.997571 2.455224
19.042632 3.460459
18.841605 3.175855
24.638505 2.554812
18.125564 5.752712
19.027887 4.012427
22.217695 6.326211
17.696074 3.658051
18.702307 0.312850
22.877894 5.134818
15.675484 6.520369
21.670107 1.766356
21.309444 7.061467
21.439815 7.719998
18.186659 2.318189
21.510996 4.181930
19.288430 5.913592
16.731028 5.312237
20.705951 5.513314
19.736076 6.268698
21.935129 1.674215
19.099365 2.755510
25.464327 3.330421
20.399175 1.655457
18.867034 4.992646
19.367359 5.135175
21.742550 4.719640
22.306376 4.642193
23.342220 4.845100
19.756125 5.913422
16.332554 1.202508
19.169298 9.381271
16.156075 2.892100
20.171430 2.600378
18.763196 6.245276
22.226945 5.726075
20.198602 5.073575
21.026059 1.091891
22.820809 2.513313
17.444627 3.035739
18.109214 3.060704
19.731103 3.073219
24.736838 3.145064
18.688221 2.469320
22.064665 6.969883
19.959262 5.741860
23.416242 6.897686
20.896725 5.582341
23.240084 2.781035
20.704061 4.223264
21.492350 4.467734
18.210910 0.608458
23.382998 4.931675
18.699451 0.565808
20.564285 2.854286
19.557981 1.911229
21.906958 4.313028
17.806701 4.439022
21.250826 5.026194
21.712441 3.010776
19.253848 2.087563
20.503158 3.582348
21.214350 4.800409
20.037266 3.167642
18.077255 8.588523
20.363204 7.325044
18.312310 4.399936
18.216508 0.830313
20.513886 2.631030
19.035029 6.604988
21.346440 4.636344
19.415320 6.107527
21.284368 1.635192
22.355498 2.098110
22.085446 7.449376
19.473517 4.163105
18.464549 3.802623
23.413691 -0.117749
22.911661 4.838594
20.537612 3.637871
21.918772 0.565268
23.238216 -0.245698
18.332310 1.971114
20.311215 5.614937
16.583723 1.212451
15.469952 3.457591
19.451933 1.655328
17.438624 4.300765
20.165856 3.206516
20.758685 3.119291
19.460918 3.847973
19.284191 3.618912
20.243621 4.699790
20.470158 5.149804
23.352706 5.143403
20.820341 3.409110
20.941742 6.414365
19.974746 6.003210
17.175256 2.437614
18.437374 6.113848
21.293750 3.360090
19.503052 -0.232253
19.454300 5.149771
24.461119 3.969286
22.480091 4.905734
20.622515 4.972244
20.548195 4.333882
17.950252 2.604078
18.299626 4.530826
19.651055 4.794419
19.928146 5.206615
17.536525 2.258400
26.000286 2.716373
18.643957 5.633424
21.531728 1.150767
20.888228 6.235602
20.309630 6.673016
19.423409 9.035381
19.089116 0.765514
22.555724 4.466230
20.752181 7.780018
20.261357 5.059285
19.565401 8.991221
19.621691 3.368466
26.357402 1.241371
21.991070 2.976278
17.507869 3.387860
20.989234 2.361867
16.668213 3.030787
22.946533 4.266195
23.017376 3.095884
17.907038 7.016165
19.771595 5.263045
18.591311 5.944888
16.510111 5.236540
20.352438 5.872642
20.461105 2.111402
19.050194 0.295193
18.573234 2.344693
19.111117 5.853746
20.011114 6.957432
21.369686 4.003115
20.091352 4.053337
17.327177 6.833536
17.761174 6.467804
19.266864 4.138778
19.751144 4.053070
15.900656 5.021733
20.308428 4.874250
21.588138 5.381065
21.851534 -2.122167
21.716770 4.224389
18.711944 4.587231
19.995609 3.548531
21.790750 2.894475
20.124180 5.206984
19.393787 6.696551
19.146656 3.993839
22.571335 5.705231
19.606296 5.456857
19.391078 4.860302
21.441107 5.883024
19.866179 3.413994
23.122581 2.810235
19.764011 3.296519
17.524308 4.200778
21.352620 4.343851
21.116669 2.971101
17.573739 2.404268
17.004711 5.358732
20.090716 4.844137
22.871738 7.468733
20.187811 4.963935
19.458132 5.771319
19.510888 7.392030
19.688181 2.890564
20.811740 3.238896
19.241489 3.749994
20.309865 2.950204
21.675799 2.938123
19.271457 3.130047
19.246644 5.807802
22.739319 5.435314
18.977475 4.626299
18.001014 3.996863
20.194714 5.255889
19.434810 5.735398
19.381773 4.657395
16.609077 3.201924
19.256475 8.018509
19.775809 7.224469
18.086429 5.222402
24.220029 8.630531
23.185976 -1.167297
22.779332 3.725316
19.225753 1.844400
20.442228 5.000938
23.046515 4.247289
20.560345 2.241774
21.286302 2.832584
21.522933 2.639678
17.780949 8.028753
22.991087 3.917626
21.402405 1.846498
18.684711 4.163959
23.416540 5.596791
19.985702 4.304465
21.508052 3.459467
17.585715 2.709749
15.514728 6.718877
18.070983 7.414197
21.018896 3.887335
18.964447 2.843672
19.150867 8.863763
21.197101 8.303731
17.051713 0.614516
20.579104 4.134443
15.346200 7.127964
15.142266 5.113554
17.703378 5.564941
17.780046 3.703055
21.852420 4.062886
19.720736 2.542622
18.800247 4.399692
14.696282 3.378785
18.530307 5.102049
18.749723 5.962432
19.791659 4.217261
21.616292 4.906077
20.284620 7.237309
20.195801 3.954596
15.087155 3.684823
17.222584 4.794497
23.698776 4.290832
21.839506 6.651967
20.137401 -0.634767
19.359700 5.816855
19.805412 0.539424
21.640244 6.780216
17.249614 3.857487
23.184116 3.929349
18.010216 6.389350
21.838549 3.345862
17.703768 0.867456
21.826867 3.383101
21.253213 5.655710
20.069508 3.688861
17.541440 6.327194
21.859532 3.709679
17.756512 3.479219
24.654470 4.634587
20.217217 5.599794
19.510910 5.491507
24.016653 3.996635
21.867571 2.124257
19.520265 3.234347
20.545385 0.231478
17.205235 1.521547
21.982456 0.500375
20.739827 4.192572
22.257605 1.300798
18.455889 5.023752
23.618341 6.325193
18.819541 6.141120
21.482479 0.376828
19.908397 2.192081
22.604673 4.009692
16.564386 2.445198
21.881807 3.971565
20.487590 3.987251
19.511609 4.871682
19.335001 4.700875
20.224801 5.769908
17.871731 5.506719
18.469488 5.274070
22.346731 5.411772
18.186591 1.540155
23.175596 1.246280
18.038109 4.684527
15.173057 3.824626
19.814917 5.774958
22.365807 3.918311
17.429077 0.713660
18.477385 2.245359
23.436822 6.008168
19.423178 1.814453
16.595505 1.363838
19.179383 4.931863
22.434441 4.441761
18.935679 4.376800
19.035413 4.215348
20.905488 1.899962
21.706171 4.506840
20.959197 4.006384
18.773906 2.486783
21.856067 4.531064
16.545989 4.441868
23.588734 4.096685
21.493842 4.747608
21.229264 0.584391
18.588408 6.891900
16.257590 6.389293
19.739813 0.199361
19.444394 5.146730
21.979626 4.368333
19.611983 4.096318
18.934231 5.409843
19.769422 5.367096
15.760402 3.674879
17.234374 6.312004
19.370064 4.968270
19.721791 0.211471
17.467513 5.373130
19.098386 5.742385
22.081057 2.988408
18.665149 6.204504
20.712589 4.790369
23.283790 4.498830
14.846535 4.871294
21.525293 4.713252
21.516576 1.929542
18.690560 5.799121
18.916706 4.278932
17.599805 5.050535
19.286788 2.456775
21.451575 3.445375
18.004865 4.261820
24.075951 2.927937
20.456179 6.766061
16.890732 5.972896
14.403848 2.871485
19.118900 2.427773
19.546011 0.055652
22.717743 -0.422993
18.184465 3.976019
21.247577 4.335961
21.504350 4.719259
24.990497 5.656319
15.321209 4.507655
18.039909 1.546408
19.600212 1.534731
21.085008 3.936906
18.266672 6.159644
19.252866 5.027984
19.691294 5.408915
19.257081 5.628004
19.125940 5.741116
21.037683 2.232375
19.460332 4.835755
24.555770 6.621622
21.811067 1.846760
17.498975 4.993402
18.753064 3.277350
18.599671 1.048740
21.011163 5.757562
20.273852 6.470701
21.799997 2.916048
20.860785 5.991609
17.742975 8.825111
18.699127 4.876624
19.365912 6.286203
17.125820 4.807452
20.981706 3.713149
23.465602 6.145069
23.086769 2.638288
16.489721 4.283315
21.977320 3.602086
18.538721 4.038019
16.379593 3.161582
14.475545 7.606209
18.432785 8.153431
16.987150 5.635244
21.318668 4.034345
21.065348 6.160838
21.678704 2.519485
17.006830 4.458946
20.178813 2.452958
20.072535 4.271456
19.466207 3.365254
18.949660 3.533959
18.556256 5.491461
18.515581 2.670794
18.108654 3.286224
21.094230 2.676156
21.173236 2.416420
24.269412 7.883082
19.687755 5.545271
17.287420 4.371518
17.482907 3.812415
20.388403 4.765416
18.054439 1.850378
19.784103 2.208237
22.150305 8.025302
18.284480 2.073986
18.095287 3.578577
22.085202 7.175762
23.601006 4.908364
22.103860 2.970460
16.052874 6.027104
19.475531 2.047650
15.028059 1.969349
24.106382 4.023145
19.545560 3.686266
23.706081 2.825201
15.842283 5.570730
20.105613 -0.314240
19.361532 3.249502
20.536312 8.557039
18.108599 4.527224
20.075535 3.963708
17.392802 3.471430
24.674117 6.162778
21.055209 6.413624
15.858048 3.576673
17.490042 3.799102
19.065039 -0.076731
20.389946 3.494906
21.484030 0.739298
19.752877 6.241740
22.631300 2.715514
20.362060 4.012420
19.415052 6.107686
16.244347 4.793806
23.744942 3.049266
21.295738 4.140633
19.541793 3.875840
24.187638 4.513168
24.002697 4.055454
17.603152 5.542160
20.772580 3.314107
20.433561 1.380140
25.249531 2.390243
17.673946 3.931555
19.947758 5.726249
21.660721 1.507627
22.777197 6.659954
19.680997 9.329561
20.044484 3.275502
21.958033 3.834062
17.911513 7.811924
18.810946 4.539035
20.378608 4.738336
18.854373 8.551061
14.169012 5.741566
20.143684 5.315002
18.522459 5.499511
15.690822 -0.264585
18.480253 6.320675
21.922380 2.909771
23.033644 3.259024
19.365551 6.563041
19.099123 1.504456
16.916149 0.741276
20.409996 2.475899
18.476337 5.331443
17.404102 1.453422
16.908482 5.921106
19.077726 5.979671
24.627068 0.592681
18.841436 7.875929
21.697537 2.849963
19.203684 1.888472
20.368099 3.942083
19.504526 3.284636
17.629477 6.117663
21.420959 4.462817
20.560770 2.794352
19.133278 4.784456
22.331152 4.707933
23.395085 3.589463
22.100454 3.441006
19.086121 4.235399
17.356911 6.375474
20.065202 4.875673
21.579310 6.824731
21.715426 7.292954
19.210632 4.811965
21.150023 5.932920
16.877740 3.682099
20.116722 5.437463
18.926860 3.265103
23.018891 3.052860
20.413933 3.066427
21.623213 5.667624
18.070839 5.122836
16.265896 4.189793
17.216436 3.742915
21.069719 4.667979
19.600590 1.139047
23.654479 2.830405
22.187872 6.854034
17.396978 0.005462
16.910563 3.311886
14.558902 1.532541
20.555692 3.422960
17.724145 3.668734
19.530855 8.392685
23.304759 9.181339
20.200645 2.554582
19.435970 3.022306
24.911062 0.547418
19.556802 1.955070
19.944633 5.113225
18.559434 1.464125
18.128117 2.087922
24.419613 2.171176
17.311819 4.752850
17.999603 6.119905
17.625757 1.386782
22.772951 3.373805
20.140599 1.985887
20.908379 2.182066
18.783752 3.475395
20.958980 2.237523
18.726550 3.058604
18.846220 -1.067685
19.146423 2.054219
18.124084 1.666232
19.508669 4.818763
21.886300 6.363260
18.688471 2.755545
23.053466 5.589777
22.417194 3.418456
21.146665 6.815965
18.749916 4.002459
16.737365 3.205074
20.218686 3.643406
22.987743 4.381097
19.146542 2.027013
21.219626 7.382925
23.669693 7.136381
20.616432 2.627837
20.396912 4.837569
23.068582 2.814214
23.425186 3.199715
17.931618 3.101562
19.557371 3.146497
19.509716 3.883992
24.577531 4.902398
16.967859 2.659655
17.862833 4.630275
22.417866 2.806414
19.378687 5.869183
18.627904 2.392811
19.729514 7.507651
20.279968 2.134603
20.386178 5.312058
17.346980 2.144265
18.536082 2.981183
18.137246 2.684681
21.887576 3.398601
20.681229 3.527991
17.635056 7.111947
23.531746 6.794754
22.254011 -0.806689
18.702922 6.086154
21.483382 5.483053
22.122832 6.966379
16.722164 -0.405952
16.532848 3.853483
19.702594 4.332635
18.407040 5.107837
17.228223 2.927416
15.806342 1.627669
21.684948 4.684249
19.600719 3.165242
20.029483 6.007075
20.816161 6.538341
21.210029 3.751088
19.678253 5.618490
18.590945 5.781917
25.472814 5.971760
18.037267 7.384798
19.476660 4.881308
17.310848 5.514699
18.399823 4.626987
20.074694 1.028562
23.166265 1.487729
19.354434 6.235779
18.234220 5.338470
21.996688 4.914088
16.098303 1.750307
19.511448 1.338048
19.329768 3.215582
21.056615 3.987460
17.869155 6.707506
27.323987 1.669944
23.793493 4.033246
19.645258 1.333432
19.365062 6.079138
21.276481 3.395234
17.642955 2.288622
21.786309 3.043353
19.589328 6.931101
22.123097 2.494696
19.385248 1.139233
18.364235 4.098476
22.222544 2.379022
17.665858 2.500275
19.142974 6.540335
20.335593 2.608002
19.944010 4.770755
20.367463 5.674630
18.352835 4.683359
18.104012 3.514072
19.535195 5.884223
18.435869 4.378533
18.654705 4.819951
21.303269 -0.562738
15.833777 6.079468
21.254221 3.176874
20.255794 4.381740
23.990739 3.690690
19.661566 2.569653
20.070173 2.206213
21.898681 3.190564
19.078713 3.127584
17.493822 5.434263
21.937531 1.603584
17.171159 4.873348
13.533891 6.376380
20.858406 1.787559
17.550711 10.117329
20.008857 3.748052
19.398992 3.101010
16.555163 3.072880
17.773141 4.683752
19.895235 3.938116
18.733949 2.154587
20.682842 2.677525
22.008381 5.823209
22.498410 -0.594337
21.187918 2.835950
18.150632 5.900736
20.879199 -0.401143
17.418769 0.930848
18.016843 0.493615
22.457387 6.652348
20.933499 2.632714
19.304910 2.920207
17.208373 -0.154260
16.160739 6.268597
19.020474 4.128706
17.589570 4.994664
20.538446 4.213350
22.140231 3.317860
22.437077 5.315205
17.925999 6.290101
18.985764 -1.340461
21.891618 2.452274
16.971884 6.932309
21.951694 2.587395
17.942976 0.149994
18.978800 7.131270
20.231037 6.702719
17.275821 2.362465
17.632945 2.081774
18.660244 4.581425
20.908927 2.429549
14.388159 2.837105
20.013707 0.277456
22.708042 5.493359
18.601329 6.189805
22.052433 4.474312
20.043542 4.825208
20.776396 3.613639
23.998180 2.617179
20.992826 4.057299
21.610720 4.432970
18.856962 0.418515
19.564937 3.748015
21.053038 2.941896
19.285909 6.225084
22.521768 0.732390
18.212599 3.845777
21.790093 3.523928
19.898376 2.016863
19.440095 5.163152
20.472813 3.102078
22.517017 3.951691
21.002680 2.725204
18.758036 1.698067
18.615879 -1.330976
23.504534 4.105899
21.565630 4.968298
20.369733 4.957331
21.123051 4.584352
21.123835 1.108482
19.666869 4.448589
21.612765 2.057982
23.121333 6.528338
19.691729 5.401220
21.608534 7.182387
18.452081 -1.730905
19.577063 3.906686
18.521839 4.310068
19.157066 5.218790
18.798767 0.151415
21.443505 5.252654
20.879471 2.690467
20.787806 3.150940
21.112220 7.298648
18.334230 2.983898
22.033590 3.342474
18.983712 -0.078070
22.316698 4.361896
22.592404 3.726949
21.154513 3.920172
24.576156 4.360338
15.910481 -2.533672
18.221329 6.811682
20.958181 -1.253986
24.690392 5.378030
16.548525 6.828298
20.582448 3.609905
17.177294 6.579927
18.109494 5.908027
20.861368 4.866318
16.494880 3.995922
23.663647 0.712507
20.677437 8.206955
21.632514 2.084345
18.909853 2.219364
22.942741 3.257249
16.397191 5.821736
16.698235 4.464582
23.733536 2.135112
20.258852 1.926489
20.566930 5.005759
20.850851 3.917088
21.242898 3.542001
19.823909 9.648609
22.281395 3.523786
21.163942 3.144842
24.073645 3.760901
19.814263 2.904099
20.860189 1.738106
17.191553 2.102240
19.883373 9.519375
17.924501 10.811797
19.017654 3.329119
22.127629 5.592001
19.044435 2.491946
22.093864 0.073849
23.601601 7.240266
18.697161 2.561502
21.284872 3.569384
17.827965 3.437932
18.186804 4.046626
20.123874 8.384168
18.212447 0.991376
18.579443 3.095120
22.497453 4.222392
19.144007 5.005369
20.361711 3.236662
18.756327 2.427989
19.986163 5.560797
21.615881 3.618172
21.597295 3.019256
21.200174 2.257779
17.159895 3.200405
18.500745 2.491181
18.993966 4.293278
23.430668 5.550716
16.562784 7.541464
19.848245 4.518267
19.124048 1.983006
21.600683 5.464101
20.831376 5.162144
19.431537 6.435912
20.981647 4.791238
19.191602 5.094078
20.058421 2.842769
18.887336 4.348825
19.686037 0.768324
22.006324 5.831478
17.721846 4.316924
18.974492 1.499318
20.188758 3.438009
20.088710 5.665115
17.309116 7.398830
17.377249 -0.853271
20.004604 2.715981
19.333604 -0.130278
19.640374 4.143195
19.077439 4.093507
23.527998 2.657785
18.770341 4.279608
17.743235 4.730016
22.979850 3.556906
21.926381 1.700329
19.294555 2.185378
20.822681 4.759575
18.746375 1.360019
21.040972 4.880538
23.589834 5.389833
19.176190 3.157673
20.016980 3.323396
20.626142 10.030892
19.767598 3.175265
20.735959 4.246987
21.448494 5.355272
14.797453 4.145314
17.124966 7.958028
19.259676 2.785503
18.637446 2.861850
22.127187 1.270696
18.279245 3.210940
17.713030 5.698597
20.903712 4.870304
24.194606 4.269257
19.420342 4.212628
21.731403 3.200357
19.305926 2.549043
19.655570 6.200479
18.848310 3.938018
18.554648 7.025195
19.183197 8.865515
18.390233 6.190802
21.149218 4.326851
23.701570 3.246432
19.863514 4.675089
21.705123 5.270854
20.924280 4.608356
19.654129 2.259639
19.004366 2.503750
23.076174 2.373845
20.529380 2.954806
20.276385 6.202752
21.602172 5.379692
18.291509 2.826003
21.365768 5.248383
21.739798 0.360270
22.321289 3.465629
21.473028 3.944588
22.781858 2.122998
19.665907 4.367154
20.371255 5.924235
18.606491 4.624497
20.261611 4.309443
17.877154 7.930116
21.896576 4.618815
18.676814 4.708937
20.335474 1.880264
18.691397 10.006151
15.817136 6.570590
18.765003 4.520783
17.615862 3.449185
20.126957 4.396128
18.989766 3.210072
23.158285 4.208121
18.318137 3.985960
19.662859 4.869415
18.678301 4.088012
16.577803 3.982350
19.359453 0.709432
19.405173 3.800641
19.880605 2.255282
17.517993 7.881561
20.270362 3.275839
16.780460 0.679864
16.410132 2.962927
21.415343 1.148782
21.060483 4.667049
19.800306 1.934929
16.756392 5.014264
22.741927 3.805463
23.288574 1.327698
19.839416 3.826096
20.050270 3.933581
21.465810 1.173512
21.588768 2.740406
21.799620 4.669396
16.150829 7.135840
15.255826 3.220456
20.799717 0.963222
21.746943 4.208026
18.831115 1.784127
21.667230 5.223579
22.260036 7.677340
21.278780 6.225207
21.978205 3.547354
21.602632 5.062848
20.504619 0.879657
20.901993 7.804723
18.515031 4.896657
20.589857 0.710747
20.387413 10.151602
23.483964 3.080050
24.122613 3.768445
18.847623 4.507594
18.502278 1.113202
22.387931 0.704166
22.141285 4.053331
21.508574 5.161853
18.283185 -2.263234
17.060804 2.429133
21.165556 5.162978
18.654023 1.074725
14.644416 2.365733
25.517292 -0.778002
21.597954 7.134606
20.101206 4.224206
20.230036 3.529291
18.543690 5.188811
18.971187 8.695147
21.553721 3.473579
20.759196 3.426576
23.252897 4.837370
21.537531 2.812839
18.773326 3.264642
18.711970 6.277029
19.022554 5.989663
22.596895 5.297091
15.152562 5.632322
21.179847 6.377690
18.745921 3.403619
21.159033 4.893748
20.720912 1.519109
19.017327 1.497268
18.680957 5.489919
18.036206 3.943960
22.151356 2.023380
21.852156 6.473376
19.602058 3.662628
19.782835 5.177892
20.542246 3.321854
19.052790 1.865258
17.321892 -0.379757
21.681951 2.658758
21.181264 3.535567
19.814817 8.278426
17.723029 8.315620
19.583350 6.532790
21.714526 6.636788
22.578739 5.306015
18.858164 3.535943
20.844768 8.369991
20.491179 5.070175
18.156958 6.213648
19.572882 3.347261
20.135108 4.662000
18.614297 2.087427
22.587796 3.819720
18.866076 2.263288
20.909322 5.822813
16.272337 5.689052
17.627196 6.224538
19.360662 4.357687
20.599010 8.521780
20.340409 4.533360
18.112567 5.854052
21.223815 8.733820
21.372577 4.197026
18.679553 1.232657
15.116389 3.290190
20.750378 3.835622
20.631287 4.192837
19.125880 1.319860
20.984434 -0.464865
17.698696 1.743364
17.654051 4.491234
19.731991 2.549104
18.741842 6.826023
21.026622 4.910942
19.076106 6.342711
21.105743 4.804198
20.343252 4.134478
18.631007 3.800611
21.500050 5.887569
22.742792 1.894109
20.907275 1.965184
17.406731 8.041860
20.582362 0.923988
16.157853 5.496936
18.212577 3.832879
19.636482 4.435252
20.018658 4.611114
18.786974 6.088250
18.292371 2.905583
22.606884 4.211859
21.310697 1.946252
18.255654 4.087506
20.520480 6.314031
19.510598 2.278611
14.786195 2.222630
21.930630 1.537769
16.961990 6.391039
23.468913 3.932327
24.149409 3.499736
19.843593 2.939844
21.597896 3.622318
19.506263 6.361561
21.917097 5.467065
17.708922 4.166883
18.672175 3.086304
19.254089 1.905252
22.528367 9.329897
20.125547 5.413139
21.601375 -0.721908
18.628164 5.896788
20.312620 1.697019
18.361127 5.553483
19.214410 3.225162
18.191686 5.873676
19.163369 2.247705
20.792506 5.788609
19.508075 1.685941
24.219088 1.587394
19.593925 1.857192
18.991469 1.777348
19.624384 3.019071
20.966344 7.771912
22.121524 3.636005
19.116486 4.621231
20.517131 4.162988
21.966895 6.942542
19.760700 7.520573
17.611942 5.211515
19.355318 0.790531
19.199537 6.869668
21.962074 4.201198
18.102348 6.212415
20.199778 7.377657
21.940038 5.055012
21.656184 6.903559
23.125504 3.667650
22.539059 1.577205
20.693669 4.821243
24.930114 0.751818
19.856540 4.863968
18.123279 3.019352
16.807556 7.932471
19.763898 4.597856
23.609484 0.951640
21.000492 3.659745
18.557209 3.232797
19.893048 3.139939
20.639039 2.057571
17.257292 3.517312
19.984280 3.483065
21.279676 1.456198
16.619308 2.358314
19.090495 2.705278
21.256053 4.774049
20.691182 2.142972
20.906601 6.109608
14.890133 2.275024
18.536001 4.515584
19.592454 2.561861
19.912366 4.766405
21.329620 4.601714
22.553982 2.812167
21.187413 2.623950
14.305428 1.857533
20.246545 7.370626
19.286167 4.098637
21.758851 6.831233
22.399596 1.503210
18.367184 4.514701
18.746997 -0.969714
22.559606 0.909495
17.838309 2.835899
17.569402 -0.201582
22.065162 1.212733
17.623645 3.818238
21.867931 5.461665
18.743367 5.960982
20.855701 5.807160
21.156574 2.536023
21.657434 7.319563
14.877643 4.389828
21.848762 6.164521
19.640480 5.220750
18.418445 6.734246
17.878443 3.904673
19.062937 5.392942
23.939333 2.846429
25.913411 6.527886
19.163078 -1.118239
22.481870 1.857512
17.364027 2.487982
19.967280 4.111769
22.736003 2.513367
23.315161 3.136793
21.742117 3.359660
21.827334 4.352859
24.107384 -0.592699
23.567527 8.735902
19.314794 0.642350
19.778763 3.976282
21.174710 3.922308
21.563535 8.156026
19.811584 4.238295
18.525529 2.904312
19.284595 3.644257
20.209339 6.037034
19.570350 -0.065747
22.436416 3.937191
19.482626 3.710347
19.355795 8.352509
19.385016 2.114346
22.933912 0.799965
23.390595 0.149994
19.277016 -0.278974
21.138292 4.735106
18.669638 -0.454996
18.582921 3.372036
19.226129 7.908841
19.307527 5.702349
20.628491 2.567202
21.231547 4.972715
19.940326 3.624220
20.230590 6.547117
20.534181 6.162574
16.390014 3.058973
19.066811 3.211284
15.773221 5.728620
20.078013 3.676385
23.549310 6.050086
22.666405 2.597819
23.603143 0.254580
23.845653 6.168748
21.401287 2.558281
19.119467 4.931811
18.669462 8.704008
19.116824 3.041492
18.105401 2.127523
22.175871 3.296426
18.453809 4.808180
21.443199 6.044795
23.947129 3.747133
20.928641 3.817906
20.468761 3.634610
18.896645 4.232209
21.032525 3.226936
18.927272 6.097112
22.167746 0.426019
18.982505 4.762196
18.768808 3.918019
19.216265 4.834542
20.989358 6.102470
21.061360 4.404532
18.984942 3.452835
21.217436 5.025213
21.591434 5.444503
20.550480 4.889854
18.820356 3.786995
19.836643 -0.232627
16.062803 2.586850
18.154482 8.621523
17.965659 5.283501
20.632594 5.168593
22.158996 1.927212
20.350531 5.886889
15.605415 4.387555
21.999709 4.780505
19.829739 4.907814
21.311101 5.048003
21.293929 7.148181
16.019988 3.959744
18.505579 6.521863
17.004576 4.433640
23.650551 4.488179
21.479551 1.643073
17.350716 1.832220
21.496031 -1.886588
21.312027 6.613187
19.446836 2.597754
21.877862 4.234989
21.283677 3.831986
19.343773 2.760791
18.772594 4.636867
21.588116 4.873181
21.735521 4.340067
21.883797 4.286259
19.164147 2.493697
20.118094 0.824539
20.210951 6.450098
20.474818 4.321735
19.142545 2.377229
19.494312 2.469945
21.304001 -2.955902
19.236866 8.625037
19.273092 0.998330
19.975320 1.321377
22.216216 -0.496661
22.345027 3.057846
20.873331 2.066572
24.069581 2.861852
20.108695 5.059732
19.027474 3.268879
18.204390 4.634227
19.734811 4.887178
24.188104 4.363712
20.320552 1.325843
21.234381 2.589568
21.885997 1.516878
20.162579 6.715840
22.756324 4.807128
18.990977 3.710962
16.260098 3.466912
20.798794 2.474827
20.572158 5.232593
23.010514 7.200399
19.486287 0.207316
20.976265 5.133404
18.705109 1.336355
18.767554 1.679663
21.475075 6.549086
22.418996 3.452827
20.132610 3.035357
21.239657 3.275278
22.747264 0.911031
17.217683 5.284526
18.650147 2.610955
20.288832 4.172659
19.227879 2.310352
19.469369 5.786008
17.938700 4.397685
19.266569 1.757453
19.721612 -0.266284
21.377635 0.104721
20.568435 4.113088
18.883364 2.291642
20.695538 -0.552572
17.889011 2.642052
21.100746 3.377913
22.839295 1.892833
18.606293 6.535006
21.676418 3.060752
17.415489 4.535506
19.671321 2.673836
21.382275 4.324450
19.481249 6.940997
19.482108 2.979451
20.131628 3.659867
21.954514 5.283583
21.538554 1.952713
22.794219 2.553832
19.202241 3.565400
19.942988 4.079111
20.506115 5.039677
17.821400 3.639906
22.164677 6.171694
21.444849 10.743670
17.255009 3.143619
19.601165 3.077290
20.242406 3.636816
16.952157 2.162654
18.256432 5.194927
18.057458 7.003668
18.058068 3.974824
23.400221 4.085801
18.296664 7.047885
17.926781 8.699903
24.081176 4.099025
18.155052 5.704218
21.623568 4.300225
20.065180 4.819906
21.899177 4.914786
19.447414 5.774637
20.567072 -0.990876
14.808326 2.523169
17.113665 2.807728
19.695360 4.348048
22.182630 6.195317
21.209361 3.270793
19.891691 7.051787
18.888083 3.083486
19.228996 4.703898
19.886383 2.875875
17.295010 4.157347
20.042617 2.239255
18.677904 5.844369
20.686318 3.008740
14.106124 5.189603
18.410336 4.669250
20.475021 3.960256
21.085634 3.882369
18.500494 1.708616
19.836796 7.152402
17.849700 3.602043
19.396257 3.141945
17.722601 1.798406
21.051307 4.372448
19.653993 2.951945
15.879194 5.029030
18.153653 1.918134
22.700389 6.772738
18.427876 4.084105
18.760285 5.089696
20.248813 5.438050
22.130960 1.617273
18.487479 6.589649
20.911259 2.321221
18.589816 2.140349
20.215562 2.640043
18.144033 6.148849
20.327953 3.304770
18.458671 5.309963
18.953936 4.866894
19.462313 3.338471
20.619269 7.886397
21.570518 4.374052
26.635132 2.002706
20.648692 3.354880
19.646518 1.411515
21.159178 6.382522
20.684137 5.349090
15.411863 0.460716
23.454301 4.172393
19.883231 8.629280
20.822022 5.351565
21.631937 3.228986
21.890426 2.168118
20.772026 2.242640
21.334305 7.520091
18.497574 6.120846
19.863961 5.651070
21.637028 4.554674
20.415749 4.613095
20.395851 4.913623
19.969691 2.228081
20.355130 6.489644
18.554542 3.020378
19.717485 8.119159
17.654593 6.400091
19.880708 2.677218
16.762924 1.397328
19.919135 2.097572
21.488815 0.866765
19.473516 6.104295
20.587274 2.237076
19.192588 5.320260
21.593952 6.907307
23.199287 6.565990
21.942504 5.260114
22.001388 4.508392
21.296373 5.697569
21.346653 0.885132
15.718022 6.138045
19.773340 -2.747928
23.077552 6.140608
17.913190 6.763985
19.673540 4.283567
19.702726 4.038892
16.967294 2.337574
23.199917 6.353604
15.717557 2.449996
21.556595 2.812449
18.257722 5.983401
20.276464 5.100308
19.391083 5.632473
21.332540 8.167597
21.400517 2.812379
21.696370 3.078194
20.440734 2.739480
18.863859 6.125192
23.199254 -0.807635
17.939031 2.955151
19.371699 1.826377
20.604674 3.426027
21.140435 7.590428
19.733207 -0.226181
19.802783 1.183877
21.218622 6.611131
21.836388 2.315445
22.969188 3.934695
20.168562 4.863685
20.728426 3.043252
18.951182 1.350042
20.707579 4.174986
18.870519 -0.212375
22.765246 4.111476
21.300525 3.249471
21.187347 1.487187
19.359273 3.430565
20.311847 3.396957
20.896923 2.751518
16.754906 2.350491
20.146193 1.995030
20.913157 3.913890
22.039599 0.439564
17.699519 -0.057229
21.666155 4.632973
18.822106 5.324073
22.276033 4.161739
20.829287 1.357847
21.923723 2.233507
19.628607 3.569010
21.287468 3.828276
21.980696 1.966781
20.176460 3.990627
17.969540 5.382951
17.682829 4.412070
19.698194 4.779093
20.687394 3.731347
25.354947 3.698183
15.659719 9.168558
22.434519 4.506298
20.113160 4.836828
16.761024 6.458782
20.305443 5.367395
20.050764 3.392790
20.766945 3.112628
14.758303 0.471542
18.043850 5.111409
21.409904 -0.692875
21.787815 3.706770
17.711179 4.775950
21.364478 5.140474
21.719553 -0.136221
16.669929 4.884405
19.705296 4.502248
18.956503 7.375557
23.077918 2.412117
15.110409 -0.082740
18.433212 4.237831
18.264472 5.020258
21.458647 2.164600
18.769870 4.792307
21.579622 3.918952
18.180003 1.527343
20.265823 4.548848
22.125188 0.942752
17.580347 3.411208
18.817925 6.155250
17.601606 1.151705
19.577919 1.847203
18.266042 1.356992
23.265938 2.572340
20.467803 6.504874
17.243493 0.637395
19.194338 3.147189
19.406040 8.197864
19.769727 2.097382
18.753325 7.435193
18.230340 1.166739
17.564752 4.826594
17.259451 4.222980
21.389297 4.991512
21.398204 7.232085
19.605565 5.630777
17.597709 4.244608
19.853293 2.924607
18.522751 5.275453
22.754572 1.581392
20.418121 3.570112
19.914479 4.403361
18.542713 2.726472
20.880418 3.172999
16.911732 2.610784
18.969844 5.100595
19.826016 3.071164
17.049804 3.514889
18.674033 1.167048
17.045155 2.697789
17.888052 4.981593
20.657682 4.765278
20.880746 4.094883
19.745937 3.288131
18.675109 0.617862
20.735400 3.603856
20.136781 2.453927
20.425088 3.840955
18.522239 4.542419
24.726873 4.157477
17.019421 7.831208
19.638416 5.811201
18.888481 7.373566
18.967265 3.458513
18.455803 6.472646
16.726563 3.189534
21.090303 6.051673
19.382418 1.616658
20.083586 0.855839
25.193378 2.847621
16.542921 5.492241
21.947666 6.913880
18.221921 1.787896
18.275101 6.045736
19.953942 4.767177
21.549935 3.112466
19.425917 5.613270
18.274130 3.588678
16.612101 2.900010
19.340125 3.913123
21.246660 3.903808
21.647881 5.436374
21.956313 5.472405
21.598131 3.872817
18.949047 5.101612
20.087206 3.019919
21.631440 2.993060
20.729065 1.856599
21.050090 4.423075
19.261019 4.659596
18.709179 -0.014986
21.638831 4.835705
19.651466 5.220655
21.326849 6.260379
22.247506 3.446092
18.858616 3.935715
19.891744 4.153307
21.270994 3.169585
20.072432 3.082210
19.757231 4.873685
21.949147 5.195771
16.854067 4.350685
18.104387 7.041271
19.429590 4.265228
20.986992 4.663303
18.899858 3.524815
19.579990 6.005778
21.350056 4.217763
19.625916 3.360256
23.408717 4.937140
21.390242 7.200848
23.159808 3.368038
17.700630 2.431727
20.255304 2.775617
23.741887 3.197612
19.310059 3.718386
17.950711 6.170039
20.857248 3.306044
17.142846 2.883218
25.823536 2.602407
23.894646 6.974826
19.592074 3.278960
18.494967 6.721806
18.470901 3.400590
22.123340 1.422028
18.673742 6.243312
23.324516 4.526198
19.859892 6.839900
21.906887 2.395698
20.537746 0.846257
20.718513 6.076538
19.274320 4.688083
21.554232 3.735486
20.633625 2.031233
17.978444 7.231256
21.311244 4.929804
20.753518 -0.949428
18.965531 4.792879
22.456750 5.488774
18.058204 3.103338
22.122970 5.015427
19.985912 6.418504
18.027170 5.483906
18.753195 1.757798
20.280496 4.402610
18.708396 2.938658
20.559781 2.932409
20.042470 5.588417
18.228756 3.543643
18.568619 6.534609
21.454130 2.476614
19.006114 5.812039
16.283387 5.747594
19.620453 4.293318
21.632047 3.684034
20.484709 1.148348
22.469011 4.388803
20.799131 5.278934
18.153770 2.778782
22.545303 6.854473
20.053496 4.480627
19.333940 3.924389
20.986325 1.611842
18.231694 3.491747
20.505067 6.254998
24.988210 2.780722
21.241343 -1.567868
17.666803 5.701923
21.287555 -1.007317
22.273572 -0.300202
21.177082 7.726245
17.435358 3.173581
19.244207 6.762059
21.702550 -0.284304
21.758601 4.695481
19.731051 6.400427
18.746645 4.712180
18.785193 4.739848
20.753740 0.884320
23.856357 3.453666
17.884020 2.340333
21.333237 6.777080
22.890552 4.506200
16.113761 5.551808
20.228743 3.922870
18.436718 4.816471
19.701974 3.602566
21.831313 3.631848
21.109151 1.027241
17.377487 4.816490
22.647656 5.996454
19.774571 2.105155
21.931172 4.639171
18.831529 4.288320
17.228145 4.728600
19.109245 4.214134
21.245256 3.642889
21.873870 0.869938
17.505931 2.460115
16.895299 2.697991
17.792280 4.037046
17.696604 2.497774
18.335890 4.479156
17.615617 4.983804
18.088215 3.812471
18.252084 6.165561
21.866883 5.273424
18.066512 6.042345
19.851628 5.244380
19.076282 6.960173
21.130468 3.266188
21.915180 2.852266
20.410358 3.804429
16.854108 0.580175
23.380585 5.654776
21.605789 7.555534
22.583966 3.233217
19.110950 6.442995
18.351730 1.568177
20.857209 7.389786
18.067434 1.627211
20.719732 6.774278
22.653297 4.560142
21.752043 5.511028
23.490670 4.434953
21.618899 1.851491
20.246357 2.084413
22.270467 6.542191
22.061107 5.796696
19.686100 -1.190738
23.058687 6.790247
16.117829 3.951824
24.941249 3.740444
18.421992 4.059785
20.993755 3.588555
17.773636 2.364179
20.230808 3.856612
19.688729 2.168035
19.122984 6.770465
17.572103 1.983163
21.778854 3.169719
19.103326 5.603098
20.179156 2.430904
17.805130 4.152933
21.034252 3.642956
21.750822 3.896066
17.832671 4.297483
21.511820 6.079166
23.218573 -0.862724
20.387315 2.823290
21.507947 1.959928
20.911258 2.206141
17.336275 4.100892
22.088709 2.583621
22.329729 6.472533
16.501190 2.305783
19.792641 5.691807
18.394456 7.373881
20.607552 5.090846
22.332043 4.845957
21.596511 2.388102
18.256937 1.346722
20.535269 4.758900
23.328448 4.472155
14.384377 3.397538
25.501345 5.285577
17.967844 5.462285
21.671858 6.854909
20.332936 4.697621
20.091517 7.120024
20.438140 5.759562
20.795518 4.692209
18.274625 3.301346
20.565491 5.530305
21.561946 6.361499
17.972282 3.929076
18.830598 1.882817
18.131342 6.498654
20.378671 2.729944
19.906159 1.567933
20.277447 5.272737
17.502492 6.639580
17.560935 4.634988
23.544395 2.680558
20.408924 3.199639
22.290627 0.794630
21.328897 4.055058
18.107958 -1.003291
22.392431 8.134023
22.110996 3.464533
21.200899 3.658117
20.510643 4.739983
20.526497 5.883248
16.368692 3.376373
16.642665 1.554717
19.386050 0.459698
20.056159 3.155254
20.926689 2.944972
22.265431 -0.399524
21.970542 2.892475
19.086454 3.278638
20.303614 3.060565
21.475882 4.034207
18.529968 3.569686
19.492497 7.875919
19.922054 2.268687
20.784392 3.858926
20.761754 1.881248
18.807192 1.559335
17.570118 7.409289
21.941829 5.107533
17.727972 3.652983
21.876270 4.132942
20.541542 7.764439
21.133533 2.236116
23.044422 1.733525
20.241898 2.168976
22.212910 3.753661
18.380351 5.977311
21.357967 4.373897
19.723788 5.137072
18.257516 5.236523
18.548957 0.925053
18.390389 1.051864
18.708839 4.853182
17.736024 5.421760
22.107954 5.008828
18.411287 4.992483
19.307207 7.542353
20.359878 1.904050
20.650697 2.159008
16.106617 1.196959
18.220828 2.332776
20.595435 5.421713
23.949269 4.297320
22.770541 5.556227
18.730822 2.501934
21.848011 6.722575
19.941769 3.303397
20.544696 2.935422
19.850800 3.218354
19.188529 4.470537
18.577439 3.887136
18.618292 5.054585
20.493556 4.003009
18.773618 3.689399
17.894911 5.106705
19.894075 1.998485
21.880456 4.517766
21.636440 7.661203
20.488599 0.986053
22.773726 6.204485
22.372840 7.632196
18.728047 6.360722
19.677902 3.874680
20.036880 2.558696
21.731686 3.064999
19.149589 8.671281
21.127141 3.328007
17.264343 3.979709
17.510047 0.013364
20.002103 1.869179
19.217077 3.751959
19.002060 7.391243
19.669285 5.143742
24.690969 6.683639
21.569042 6.426840
19.227181 4.505893
20.835640 2.049839
18.189271 6.623419
19.991304 3.835295
20.413097 3.512896
23.385857 7.676235
16.909823 6.454727
19.002140 3.394496
23.780056 2.286684
19.257750 0.064891
21.025752 4.471854
19.493192 5.924807
22.368085 2.886542
19.706306 3.149452
19.156305 3.648278
17.244565 1.758369
22.106177 5.627054
19.241247 -0.531636
20.589053 4.757301
18.234517 4.219784
20.017717 3.466921
19.748000 6.456228
20.954036 4.797606
22.812578 4.086232
23.795292 2.213266
18.370681 5.637715
18.329223 3.479625
19.034009 4.993913
19.785313 3.688906
19.980105 6.201263
17.561635 2.872103
19.461352 3.209054
21.060614 5.062801
21.377134 1.967359
17.501566 3.567384
19.323495 2.119901
16.132825 3.641851
17.058357 6.321122
19.249489 2.120412
18.651034 4.661844
21.283427 3.591084
20.851660 2.403395
21.768564 6.388362
21.662463 4.034962
18.082090 4.371975
18.788239 4.085331
19.349609 5.462235
20.883632 6.425590
21.528830 0.113696
18.724947 1.800363
18.833852 6.545062
17.020094 7.105273
20.267527 2.269372
21.204346 4.646297
20.669209 4.454105
19.447205 5.123931
20.500718 7.165963
21.430429 8.091049
21.622542 4.964052
20.749964 0.306781
19.704458 2.150823
24.693535 6.062490
18.984856 2.321398
20.326385 8.344385
14.884036 6.388430
18.600558 7.293348
21.566896 4.443287
18.590532 3.834794
23.777032 7.879797
19.674999 4.731157
22.740182 5.044344
24.103743 5.132004
18.825283 3.705989
21.247060 2.558214
20.494207 1.910408
21.335367 7.344492
21.716217 4.271008
20.187956 3.749587
18.806462 4.185756
23.968602 5.238815
18.671456 4.058188
22.251813 5.125632
20.631069 3.671923
15.521856 8.497143
20.004952 3.926400
22.640718 3.469574
20.289052 2.449911
20.683106 5.021900
20.614542 10.115094
18.231491 6.321682
21.359189 7.946883
19.633673 6.600789
21.731202 2.703384
22.819326 5.839897
19.851050 1.451155
18.423455 4.154327
22.406354 2.118053
23.728238 3.365688
20.964031 6.495262
18.120249 2.087774
19.835427 4.470514
21.872707 5.680521
20.094962 4.806108
18.314890 2.830047
19.357474 4.573501
23.478972 1.495422
23.526230 3.932242
18.624891 8.496108
18.714348 6.215004
25.286249 3.978764
19.864467 1.194555
20.364392 5.517326
19.102008 6.226341
19.864477 -1.827468
20.903678 4.144955
21.710961 4.745462
20.392342 2.674181
17.797555 6.331145
16.972101 5.488915
18.296523 3.161023
15.759375 5.759098
22.083117 3.956488
17.537949 5.729895
20.089276 3.481074
21.580773 2.430037
20.598014 1.086088
20.032848 1.913645
21.500303 6.517093
20.985795 4.951291
17.828771 4.940076
20.432818 2.102068
20.066700 6.126105
17.948762 4.232390
18.000787 5.253198
16.272364 -0.127550
17.563732 5.328671
19.602351 3.135589
19.992257 3.972212
20.770696 4.464730
21.443532 0.026824
19.409194 3.555412
13.720426 5.797682
18.819181 2.717413
19.184741 0.295348
22.039075 3.653356
19.346526 2.823948
20.074347 4.826030
19.907542 5.578344
15.014470 2.187588
23.886503 4.958370
20.056809 2.544388
20.113829 1.576291
20.609369 4.630159
19.726486 6.666421
19.550145 2.274915
21.427361 6.698162
19.856953 3.376130
19.881596 8.822640
18.951356 3.771952
20.620290 4.230670
18.783194 -0.078384
23.811081 6.346163
19.992653 3.804673
17.795054 7.511482
20.587397 7.253464
42.682916 -0.755202
41.928226 -1.560448
40.847727 -0.511372
42.014689 1.688189
38.505408 0.534054
45.282999 2.395403
40.506507 0.720385
44.181174 -4.925715
45.051078 -0.397393
40.845396 -3.190656
42.723472 0.873185
40.514429 -0.406417
41.607465 -3.928350
42.455155 -5.824558
43.327334 3.130267
43.025151 0.683332
47.762545 1.097366
44.283222 0.410184
45.000162 -1.407070
38.305447 -1.420826
42.346384 -3.456141
48.216655 -0.014005
41.303844 3.403836
40.613839 3.571504
43.452637 3.490690
45.273081 3.313601
45.114471 -1.051681
44.152380 0.887483
44.619520 -1.814703
41.836189 -3.896415
42.619299 -2.409820
44.505667 -1.583949
47.703112 -0.363407
41.232334 -2.035415
48.533508 0.291710
40.524185 0.034807
42.148219 2.975293
46.654351 -1.155857
44.442550 2.772721
46.827019 0.325311
33.581120 -3.946136
39.893550 -1.566602
43.858479 1.787368
43.488555 -3.232649
44.476905 -4.224801
45.214894 -3.837311
38.782866 4.258879
44.421495 3.296756
45.240813 -0.827499
43.367415 -2.788215
44.289076 0.921046
43.154576 -0.746904
45.379115 0.014945
44.045912 -2.949031
47.536391 2.087594
43.119894 -0.293453
40.125800 5.347498
42.504274 -0.744253
45.663191 2.037107
44.848629 0.726517
42.537336 0.951046
45.115231 -2.892285
33.995853 -0.897520
40.289330 -0.049972
39.807979 -1.064790
41.782090 -1.568247
45.128393 1.140072
37.832234 2.597076
46.673412 -2.059409
42.668075 2.394597
40.223766 -3.030542
44.933752 -0.612072
42.678429 2.506135
44.141062 2.800164
43.473060 -2.880264
40.253416 0.667277
43.815600 2.303218
43.716432 -0.786550
41.085337 -0.093664
42.981440 0.615799
42.503814 2.772505
40.308078 -5.663264
47.904558 0.652339
43.618754 1.396543
44.014371 -1.980174
44.933948 -1.950697
41.251329 -4.821469
41.880763 0.126579
47.659390 -4.144768
43.340531 -2.455638
44.464712 0.150129
44.242820 0.691277
40.130057 -1.743701
46.474610 0.316596
42.152299 3.420860
45.562999 4.109389
43.008287 -1.738319
41.718196 0.336196
39.991790 0.796185
43.029966 0.635292
43.807940 2.429635
44.584337 3.121932
44.458750 -2.083738
40.833638 -1.208104
41.998319 -2.396829
39.576404 2.512905
37.891381 -1.100406
44.093349 -0.108300
44.476815 -1.129516
43.291138 0.702698
40.509034 2.178722
47.592650 3.007439
43.871804 -0.029028
45.171600 0.119725
44.095251 4.193032
40.351379 2.060298
37.562182 -0.026953
44.060467 -0.243992
45.765868 1.574788
41.585117 1.281537
44.360437 -0.101240
42.132849 4.173717
42.238972 -4.677734
43.931823 5.082076
44.293564 0.251202
43.342522 -1.287895
46.476875 1.812957
40.039821 -0.560786
48.754367 -1.333479
41.939693 -2.126265
45.687815 1.748907
43.765815 -0.508342
40.762965 -0.967255
42.824787 1.634929
43.812229 3.396378
42.770764 -2.715357
42.389270 -1.842374
44.625464 3.860648
37.788073 -2.672925
47.353880 -2.079266
43.638733 -0.230232
42.733450 -2.781724
44.270477 0.720796
42.095148 -0.800372
47.110773 6.729647
43.930037 -0.248436
48.189874 0.161880
46.690680 1.938804
45.171879 4.710743
42.014175 1.967920
41.441149 -0.920609
43.306206 -1.560607
40.669365 1.000803
42.469274 1.142377
44.856589 -1.776581
41.886050 1.329802
41.071262 -0.092630
41.991331 2.948317
40.835844 -5.516232
42.416503 -1.486923
42.118104 -1.040166
47.871712 1.884396
41.211668 1.882181
42.282771 -1.550633
43.920098 3.157351
41.874419 0.137702
41.086334 -3.086501
44.994915 0.001664
41.925103 -3.377315
41.829796 0.956032
44.421180 -2.805935
40.662379 -1.586413
43.398646 -0.451851
41.154914 1.464088
39.293429 3.422201
41.550323 -1.405834
40.343105 0.385254
42.482681 -1.989322
42.880720 0.344221
42.434413 1.514108
41.264428 0.337622
43.755304 -0.785845
39.198059 -0.797178
45.100264 0.654805
40.966464 1.609976
43.880131 -0.740973
41.846897 0.013982
40.374001 3.845226
43.327948 0.234953
37.389761 4.135428
42.808205 -4.020246
45.576590 -0.300565
40.849308 -3.185393
37.079834 -1.904908
43.696797 0.659439
44.061108 2.082347
37.165559 0.106961
45.612306 -0.124692
40.618591 -3.683332
43.084727 -0.418874
44.003771 -0.413609
39.697818 0.567092
42.396670 -2.987967
39.285728 -3.699505
43.288032 0.710326
46.515191 -1.375416
41.172424 -1.652226
43.245956 0.456903
44.745283 2.239544
42.361553 -0.801815
40.588826 1.424648
42.016038 -0.199187
43.143991 1.813191
43.523997 1.536550
44.149148 -0.268054
42.498236 -5.932322
42.400263 2.184922
47.757528 3.876113
45.262364 -1.856654
41.368171 -1.463397
46.301187 0.574865
43.954956 -0.056045
44.484832 0.097236
43.888590 -3.870909
41.008044 1.433107
37.836586 0.822153
44.299561 2.375655
41.559041 -0.448021
48.131639 -3.631933
42.825873 0.984088
46.943235 -1.580983
46.164630 -3.783449
44.087361 1.298452
40.499558 1.499133
46.095916 -4.745956
43.893135 2.784983
41.707489 2.179459
45.547525 -2.399242
43.072661 -0.706642
44.267675 -1.535953
41.321019 0.913626
41.436366 2.855461
40.125062 -3.954672
44.539792 0.460626
42.534165 -3.219053
42.629689 1.843524
40.467330 -2.873926
42.091019 -4.276890
44.545008 1.739336
46.115163 -0.138016
43.188453 -3.446015
44.834235 0.054510
43.789214 -3.468817
45.960714 -1.742204
41.085960 2.442498
43.554447 3.230528
41.817691 0.617207
41.246206 0.714524
44.813750 1.830114
42.198535 -3.143488
44.899776 -4.148435
41.735281 -3.200338
39.398939 1.152142
38.671180 -1.360138
38.332081 2.966558
41.658642 1.217197
41.983221 -3.669606
44.218813 -2.410361
44.106443 -1.755272
39.162464 -1.215472
45.569054 -1.248074
40.597411 -1.235989
46.768219 -2.289088
44.279866 1.063396
47.000148 -4.864464
39.058568 2.644437
42.659982 -1.536366
41.804111 -0.196838
42.868141 0.342136
42.350439 0.024347
45.184061 -0.972845
48.647515 -1.472620
44.811298 -0.976940
40.600530 1.115740
37.368811 1.986118
42.632286 5.407947
40.199236 3.155425
41.182263 0.868721
39.839709 1.339189
44.338654 -1.217936
40.751825 0.367221
46.973957 2.772061
36.982145 -3.615808
42.697803 -0.299970
45.512116 -1.779504
41.330981 1.176177
43.693165 -5.447896
47.845004 -4.442017
45.714322 -0.362797
42.397944 4.145395
42.140459 -3.187107
43.877376 -1.043335
44.842497 -0.182748
43.842465 -2.238308
36.987348 2.813586
41.312371 -0.728671
45.962221 -2.497977
46.067712 2.697786
41.842275 -3.731783
40.433906 2.067019
44.071164 1.524728
40.031846 0.645431
40.917153 -2.483281
44.819130 5.533349
42.692981 -3.137572
42.029571 0.717240
47.007268 1.562533
42.306051 2.516355
44.881043 -5.164001
43.094783 2.736892
43.671479 -0.893612
42.102883 -1.959944
46.955648 -1.335564
44.668490 -1.992342
44.545732 2.963108
46.480422 1.961409
44.312453 0.399083
43.240608 1.559954
45.234900 -4.626091
46.749089 1.099218
43.598495 -0.624734
41.518606 4.708795
46.302647 -3.047609
47.826854 2.419559
43.138535 1.685377
46.533754 3.068796
42.359271 1.602872
44.053870 -2.934900
44.643420 -3.424532
43.739221 1.738628
42.548337 -1.239176
45.614165 0.340817
47.145520 0.629939
42.824607 2.393531
43.454603 1.522323
42.905717 2.886085
44.361170 -0.826903
45.163460 -2.978272
41.574775 -1.361707
40.682907 -1.895215
39.756647 -0.557137
41.249076 -0.325784
47.023459 1.375092
46.460303 -0.635543
43.913273 -2.229407
44.072313 -0.819716
47.310138 0.769788
44.979282 2.013628
42.439523 -1.184234
46.205241 -3.536454
42.927514 -3.481328
43.762332 0.723107
44.451814 1.888540
41.949714 -2.641545
42.298617 -2.359143
37.357000 2.302523
42.271372 -2.620521
41.002760 -2.156184
40.867616 0.300516
43.065585 1.235693
42.039166 2.587510
45.463456 -0.651815
40.072669 0.563416
37.883396 0.374410
46.880581 -0.419279
39.708811 -2.454653
47.442218 -4.937173
39.938035 -3.086680
39.849149 -3.494730
40.579771 -2.075368
43.262190 -1.080813
46.432638 3.244361
40.913540 1.096465
43.074267 -1.444035
45.947707 -0.432366
47.280633 -1.244449
41.919971 -1.528827
44.373154 1.838353
42.991522 0.163682
45.016995 -0.485950
45.566786 1.185431
43.936099 -0.462221
47.647152 1.908840
42.098931 -1.356706
44.336625 3.784599
39.069764 0.598703
44.917122 2.548043
46.931538 -0.803848
44.498224 2.180757
47.279182 2.445925
41.827780 1.436713
41.603999 2.341601
42.794590 -6.679367
43.946799 2.813569
42.590851 -1.675217
39.510404 1.011776
40.160407 4.713488
42.856470 5.600344
40.036258 2.900734
47.410516 -2.021607
46.244244 6.464964
45.057772 -0.593826
41.905863 4.323311
42.139385 -0.601863
43.877496 -1.861010
41.194612 -2.147309
46.744252 -1.403942
39.631072 -0.880861
41.354054 0.095968
47.324861 -0.180240
40.242260 -1.928655
44.045721 0.667505
41.705016 0.852730
42.536357 2.559995
41.937862 -0.666587
42.092510 1.806361
43.871781 1.575608
40.766047 -0.195889
40.089164 0.586047
48.001975 -0.188078
43.927610 1.212973
42.944540 4.303279
45.297734 -2.885834
48.227743 4.417339
42.844172 -0.928784
43.249504 -1.422478
39.953344 0.184650
41.594188 0.812616
42.192969 -0.827896
39.579235 -0.545066
46.210562 1.509280
37.301384 -0.179040
40.922117 -2.925428
42.580054 -2.502371
45.372117 -3.345586
37.499562 -1.065096
39.938163 -1.363759
46.231817 -3.044956
44.580249 1.391295
42.073899 3.370328
42.816600 -4.733549
43.484290 3.696119
42.064435 -4.256292
45.496002 -0.292870
40.563998 2.427235
38.440747 -1.315783
43.646204 2.663259
45.258976 1.953233
44.352387 -0.723392
42.901603 -1.576979
45.497439 1.072519
40.775173 0.214967
42.436810 2.409042
42.933762 -2.869021
44.977245 4.142184
44.072108 -0.946207
45.779450 0.408036
43.760957 4.820789
46.371512 4.440480
43.111861 3.397471
43.202707 -3.467123
42.328077 1.543000
36.903357 0.452548
39.313007 4.614683
43.528515 -1.593886
43.452817 -0.893659
45.995279 -2.382152
42.861021 1.985160
43.791011 1.129369
42.741505 -1.735643
41.037559 -0.470124
44.324325 0.590911
43.808170 4.270981
41.615773 2.016298
42.892066 -3.384377
46.269877 -2.192868
43.859028 -1.864851
41.865999 0.104455
45.721292 -0.965391
40.785211 2.749744
42.210222 -1.826231
41.009930 1.282510
42.255673 1.225396
41.078185 -0.269982
47.614649 2.562375
46.016959 -2.203326
38.305715 0.974091
41.625511 1.074232
40.860852 1.366231
45.666153 -1.550029
43.608869 2.684977
42.565973 -4.838719
44.326058 0.916845
50.327612 -0.578065
43.251311 1.511128
41.392171 3.545204
41.656255 -0.083881
44.973745 3.167541
41.525166 -0.649530
43.639955 1.319461
41.225073 -1.408380
44.820034 -1.112291
42.169452 -5.126907
42.505781 1.133129
44.348431 -1.106089
44.987916 -0.345881
44.732869 -2.978253
43.280046 5.318648
46.515273 -1.380381
42.855086 2.971465
37.954130 -0.967951
43.512057 2.008218
44.311613 -1.924473
41.257688 3.324389
42.744823 -0.800374
42.469435 -0.553513
42.548149 -2.376714
44.160412 1.623998
44.462831 -0.678717
43.216654 -0.266651
42.007024 2.720921
40.478026 -2.297017
42.953326 -1.181729
42.190332 0.470364
41.353390 0.030701
44.399203 2.240274
42.726598 -1.080080
43.329251 2.449281
45.192813 0.313594
47.218812 -0.758846
41.847669 -0.833110
44.793897 -1.418216
38.500381 1.728948
41.634790 2.210244
44.014682 -0.269087
39.976855 3.855538
42.258419 1.387623
47.994371 1.588567
42.905947 4.780188
42.993292 -0.278978
43.922277 2.545776
43.479013 -0.417629
43.321723 1.983462
42.947814 -1.019504
42.805680 1.548366
42.867356 -0.860059
41.047167 1.240752
39.354186 2.612675
42.453422 -1.208835
40.920546 2.333355
48.303785 -0.399543
41.940953 -2.170206
45.746714 -2.978695
42.184793 0.881441
44.382123 4.749873
41.500545 1.377880
44.074699 3.565114
39.839790 0.017407
44.328871 -0.246236
46.675850 1.218335
44.311394 4.025905
43.321324 3.711951
38.279241 -0.533282
40.110303 -0.577782
43.605060 -3.296437
42.436498 1.455533
40.632481 1.402175
40.848779 2.905851
44.862607 -3.715282
44.801918 3.729181
41.933785 -1.790489
39.679776 5.243997
46.641999 5.221063
40.425622 -1.328871
40.016939 -0.073581
42.822495 -0.021092
45.986894 -1.583848
44.456111 0.620170
37.846519 3.704586
47.258579 -0.244027
45.632951 -2.656412
39.671185 -0.951166
44.019928 -0.112932
40.062043 -0.326791
40.237132 -1.835330
45.307026 -1.086382
45.385091 2.058205
38.948715 -1.121168
39.944698 0.111573
44.647365 -1.068701
42.484316 3.732904
40.366344 -1.284441
42.680733 -0.149503
42.077253 -3.679958
42.008299 -0.563188
43.043250 -2.823702
43.247362 0.833560
44.350718 -0.172730
42.290613 1.582775
41.095830 -0.717120
37.438231 0.169919
43.731080 1.089693
44.604431 -1.909306
45.305764 -0.062342
44.498453 4.106453
44.661368 -2.111338
40.650032 2.005799
46.863152 -5.093016
48.635680 -2.544538
41.900159 0.854743
43.423057 1.557495
45.649524 3.251676
44.080946 0.367247
42.815907 4.879081
45.627420 1.645781
37.086195 -0.873347
45.492691 5.248700
42.478047 -2.977667
41.764860 0.050189
44.132587 -2.007788
45.599194 3.471680
42.458795 3.994659
40.139029 1.465278
41.396169 0.158836
41.477773 -1.548575
47.430749 -3.361235
40.112011 -3.451757
42.118099 -3.729111
43.375715 2.480120
40.594126 2.823965
43.363379 -4.676316
41.285344 0.565796
44.882474 -1.042358
40.056682 0.350613
39.926428 -4.966447
45.127968 -2.575909
46.132555 1.701404
42.038857 2.707990
41.757875 -1.778606
44.160618 -1.827276
43.052313 -1.451404
41.894837 1.589979
45.031400 -1.367484
41.980275 1.762479
43.217246 5.440768
45.418432 1.054708
40.486173 2.256979
48.707640 1.875029
44.527889 -1.199173
46.836717 -0.154002
41.276597 -3.089413
44.783143 2.542963
45.181108 -3.510581
42.142736 -4.183367
42.376395 1.583124
43.652028 -2.581474
40.831027 4.500563
44.311224 -5.263295
42.595869 5.766957
41.608308 -0.865725
42.154913 4.377623
40.086686 -0.866390
43.069633 -2.607655
41.432470 0.235046
43.371114 -5.614205
41.815929 -2.752212
42.167280 -0.642209
43.102129 3.679278
37.217675 3.979098
45.815198 -1.083420
45.277433 1.424727
38.452255 2.108380
45.496464 5.387106
42.359512 1.178351
43.217477 0.098760
39.505913 0.577660
41.801076 -0.148358
40.847643 -0.663878
39.287462 -1.539864
43.530798 -3.963274
40.708453 -1.506471
44.824807 0.574688
43.192146 -3.865771
45.959718 -0.385502
46.138168 3.328612
41.799394 3.956355
40.427798 0.861731
41.992237 3.256154
45.760094 1.012204
41.742304 -0.867410
42.633578 -2.898696
40.960587 -6.257799
45.486241 -1.029196
41.054341 -3.973083
43.267420 2.511063
40.610773 2.423567
45.786335 0.322922
46.263650 -4.273074
44.162284 2.523597
44.323570 -0.906892
45.975895 -1.744600
44.438982 5.393053
42.254920 1.911207
43.276556 -3.864756
43.832691 1.967319
45.974517 -3.979152
43.437877 -2.427387
46.845600 4.673214
44.565058 2.068615
41.027739 -0.114058
43.569993 -1.323822
35.560816 -3.246268
41.413560 -4.635558
47.986453 -1.245503
41.308133 -2.052778
46.841330 0.935187
43.763613 -1.083113
45.258549 -0.619661
37.624676 -0.664313
39.931293 -3.190127
42.597290 -0.883690
47.658873 4.944768
42.443853 -2.193791
41.161787 -0.884022
44.202190 -4.162715
39.172199 -4.819509
42.055897 2.186789
42.045571 -1.729281
42.320130 3.483562
41.901983 -1.318536
38.809514 0.783694
41.001582 -0.238352
41.125758 -2.382680
44.055978 -2.377201
42.013384 3.036594
42.532076 2.456123
45.965617 3.869957
43.917798 1.560492
41.365956 0.432292
45.669355 -2.325378
43.104195 0.271612
48.902884 -1.862024
40.403940 -0.149103
42.150918 -1.726925
41.929670 -2.943005
42.645584 -1.469155
41.438179 -3.991513
39.061762 1.593515
45.131816 0.062721
45.440371 1.461362
39.633509 0.141217
44.016396 -4.533438
43.683455 5.331405
45.528284 2.581138
41.579546 2.165202
47.573852 -4.838236
43.772481 -0.008928
46.351706 3.416443
45.942516 -1.662881
47.996768 2.681108
41.822706 -0.259457
44.710337 -2.155153
43.679530 0.468807
44.964384 -3.159286
44.756028 0.946945
42.789862 -1.361492
44.873087 -0.611078
44.196617 0.542707
46.362608 -2.219764
45.843776 -1.479889
43.846283 2.215638
39.992854 1.468452
43.770604 -1.792130
48.294378 0.893945
45.029252 1.629604
45.106834 2.390949
41.944592 -0.556071
43.538390 0.117603
41.728670 -1.688555
42.458090 2.530427
45.096618 0.764705
43.769656 0.203295
46.609465 -1.084267
47.408131 -1.975359
49.184653 0.887377
43.728437 1.229342
40.829374 -0.499344
40.828754 0.068754
46.504647 -3.564208
43.937405 0.890562
47.040289 -4.457124
41.831357 -4.912775
41.958820 2.224450
46.505725 1.522938
37.588349 1.251529
45.092835 -3.432309
41.401558 0.495595
39.885622 -2.499343
44.227652 -1.027968
40.573801 5.610762
42.082920 -3.151193
44.934391 -0.129201
39.184471 0.148549
47.912108 0.374605
48.019110 -0.965046
42.016516 -4.130291
45.737708 -0.473809
44.046676 1.622275
43.033459 2.516128
41.951037 4.201520
40.093353 1.680544
44.942828 -2.771660
43.992922 -1.934434
40.315768 2.120427
45.999743 1.445039
43.856915 -4.343410
42.443752 3.290104
43.818117 1.812714
46.651897 -0.998477
43.201958 1.117714
45.728524 1.890210
41.388450 -2.068941
38.388420 -1.321740
36.225983 1.275401
39.437250 -1.363316
43.997088 4.538108
45.661825 3.696314
42.408923 -1.129588
41.133759 3.764769
41.432683 -3.004407
44.414777 -0.738147
45.538352 2.338732
40.151263 0.369371
44.889938 -1.546103
42.034610 1.215905
41.227461 2.264331
41.099661 0.775432
45.208822 0.802139
45.642923 -0.174602
38.868236 0.889759
45.113021 3.957445
47.481485 1.516206
44.119209 -0.403416
41.252172 -1.148269
43.384993 3.528570
40.841305 0.681652
46.732840 0.962641
44.777472 -3.808710
45.992258 -1.507030
44.764445 -1.363208
47.129685 2.837538
41.724675 2.677532
44.358876 0.580166
41.020861 -0.175682
40.797022 -0.962100
42.175207 -1.899696
37.025514 -0.269804
42.954938 1.002133
46.668537 1.985578
46.297765 -0.492118
42.226172 -3.832084
39.688153 2.719772
40.351238 -2.736901
40.587516 -0.788045
43.507289 0.260200
43.216693 0.995394
38.840307 -0.889106
40.771684 -0.899109
44.354854 -2.826801
40.097386 -0.537443
44.933697 -1.862664
43.577909 -4.385607
38.468854 0.816248
48.458052 -0.135494
39.643146 0.414328
38.338839 1.188233
44.795079 2.665216
45.452586 -0.410203
43.046775 -0.660518
42.188512 -4.891362
46.309629 -0.633107
42.606041 -0.853980
39.338521 0.360672
41.733228 -2.261133
42.308486 -3.046362
44.874933 0.072254
39.705750 0.429685
46.467691 -0.685597
40.678478 -1.018369
45.091398 2.883238
44.231070 1.775432
45.909609 2.521453
40.306472 -2.943851
40.621164 -2.711947
42.775627 -1.909548
42.527533 -0.661046
45.146185 -0.255035
35.506379 1.458961
43.654387 2.614953
43.518418 4.802981
48.659515 2.116135
43.081534 -2.818456
39.393326 -1.043487
44.063134 -3.813401
44.502239 2.326637
44.789114 0.287419
41.069037 -1.368391
40.650866 2.391115
43.810153 0.887790
43.489446 0.947735
42.373693 0.917727
43.866913 3.380725
45.993610 1.571455
41.088414 0.134087
45.238478 2.613928
42.418097 -0.727032
47.908400 -0.142971
43.799629 1.173499
41.200875 0.079274
43.610004 1.975391
40.181946 0.016632
37.753445 1.310024
48.753636 -0.215567
41.222100 -1.686660
41.910275 2.464476
41.581266 -4.424899
44.897647 4.131935
40.069429 3.531427
40.893265 -3.381284
43.690045 1.949188
43.462723 0.629624
42.060267 -3.199445
44.272461 -1.921490
42.132564 -2.173344
42.791687 3.159642
45.773520 -0.286307
40.912738 2.877190
45.663413 1.790464
39.919626 -1.282705
43.939943 2.510873
43.859993 1.558710
44.886663 -1.661010
44.989241 -4.843620
46.503629 -0.524752
40.986397 0.037746
42.918611 -2.939790
43.187219 -0.090415
37.141709 0.693863
45.681530 1.393058
38.580314 -3.552094
41.912094 -3.528923
39.120300 2.570588
43.802415 0.575768
42.750013 -0.056022
44.627837 1.110157
46.214449 -2.706164
41.850500 3.663601
41.308698 1.558328
40.924128 -4.441865
35.515571 -1.092113
46.434705 0.943662
40.470399 -2.224441
40.496123 1.993989
44.487053 -2.065209
44.666305 -2.254187
40.743847 -4.830146
44.829179 0.932837
42.617201 3.522381
43.640296 -1.331912
45.289822 -1.608815
45.853952 1.010181
40.197609 -2.121367
39.191758 -3.429716
45.690468 -1.554528
42.234468 -1.878563
45.522621 2.029028
43.421937 -4.342573
45.087780 -1.418293
43.554209 1.751005
44.217550 -1.105248
40.467615 -0.860310
40.080193 1.794513
42.103519 3.007905
45.313592 2.126891
41.904226 -3.290891
41.481350 3.830655
41.635533 -1.962795
41.279044 -1.434909
43.723803 -2.466281
47.200116 -2.747513
41.376258 -0.309254
39.130749 1.951508
40.872132 0.061926
42.521905 0.747099
41.488572 -2.805944
41.951417 1.496640
43.654483 -2.631710
45.796488 5.585717
44.592284 -2.342329
42.712002 1.832005
41.977726 -0.925472
46.141565 0.747387
45.367942 -3.518432
43.561354 2.771604
41.574173 -3.918116
40.665423 -0.258386
42.828003 -0.246847
46.044397 0.180755
40.504796 -0.919692
47.983040 0.804827
43.559855 -3.205213
42.656630 -0.788512
42.385862 -1.990710
40.771426 1.868098
42.641090 1.451684
42.611797 0.717828
44.353161 1.364174
44.616897 0.186739
47.286905 -0.497474
39.976554 -0.623325
41.670584 2.534802
41.772727 3.730509
40.316437 0.560549
46.391141 -3.813647
42.975535 -3.238603
42.074921 5.398648
41.559786 2.010748
43.664246 0.442572
43.822512 -4.849690
43.849888 -1.099591
44.512569 2.976377
43.561713 -0.454726
42.033290 2.854829
44.743927 2.997514
41.159913 -2.962290
44.504100 1.195365
43.457557 -1.136570
40.169318 -2.938932
42.070574 -0.839417
40.416073 -1.393349
40.874696 -3.870270
39.731331 -0.320320
44.717383 1.730480
41.872534 -0.932539
41.719501 -2.550702
47.160424 -0.644737
46.259829 -2.081708
43.473965 -1.419680
45.242063 1.368773
44.423535 2.899633
44.443021 -1.901668
43.999395 0.178224
45.807028 -1.893618
41.773607 0.958622
43.346043 0.119340
44.470913 -2.562605
44.681684 -2.998364
44.208901 -0.982599
42.546137 -0.095213
44.064051 -0.182754
41.532336 0.877352
47.009218 2.805820
41.074434 -3.429100
40.020217 -0.418027
40.905364 4.797561
44.320581 0.234975
43.152485 -3.448492
42.808873 -1.395026
41.963210 -0.699732
39.068354 -3.327160
50.317553 2.673275
42.098167 3.797202
43.238439 -1.656841
46.504513 1.217002
42.135352 -1.671368
47.283671 -3.339033
42.336128 -2.293180
43.159376 -1.356211
45.512036 -0.561221
43.060274 1.450999
45.240158 -0.377566
39.201326 1.651887
40.943625 -0.627136
42.718258 3.775434
44.979101 3.054412
46.095401 -0.631450
45.807689 7.161596
41.758569 -1.918797
45.545708 -0.579578
41.854807 -1.861442
42.236092 2.532830
38.318069 1.761774
41.464427 7.273372
45.907545 -5.297653
43.807293 -3.165636
42.405749 -1.855676
44.544666 2.775293
39.646892 4.598568
43.911898 1.378496
47.103064 2.096587
44.971065 2.470788
43.877390 -0.747348
46.823424 2.037269
42.635915 -1.096665
44.848428 5.647740
46.738060 4.833552
41.892684 1.166518
45.262787 4.419968
41.210850 -0.081356
42.239712 0.473804
43.372757 -1.609115
43.303795 1.460411
41.864446 -6.466022
39.417072 2.850033
42.861130 2.137284
44.234583 -0.290497
44.079658 1.132990
41.764565 -1.416808
42.463096 -0.181868
41.618995 0.403872
40.049914 -1.981799
45.029025 -1.875847
44.589704 -2.050632
42.104696 2.278825
43.678745 0.668643
42.679878 0.865453
43.850817 2.237645
42.071652 -0.815220
40.835425 3.617643
41.835195 0.387522
44.083106 2.965142
43.118123 -0.931141
44.573669 -1.056708
45.879412 0.239307
42.017878 2.390031
42.912230 -0.536897
42.894393 -3.331470
42.151526 -7.195838
39.317146 1.168262
46.095095 2.534618
43.120826 -1.929671
42.334724 -4.318033
42.177650 2.056168
41.699293 -4.803672
39.747737 1.769213
41.123620 -0.655945
44.910645 -2.191332
42.356847 1.052881
40.518329 0.357770
42.094520 -0.881017
39.677673 -2.420251
43.111736 0.555417
40.774872 -0.927334
38.747939 0.544615
40.749110 0.435903
41.658372 -3.385996
36.805219 0.189360
46.373502 1.640052
45.378735 0.437990
40.421976 0.981151
43.949486 -2.276707
42.488514 4.261797
43.499151 -4.520977
42.879953 4.384968
47.526439 -0.617759
41.297717 -5.753175
43.682410 -1.096117
40.815311 2.899764
44.286785 0.715999
42.866784 -3.389420
38.592221 -2.935062
43.363718 2.562507
47.128837 1.603705
42.246251 4.946679
49.616940 2.620551
40.041939 -1.475707
43.071833 1.929365
44.553886 -1.470581
42.915491 0.222041
43.006841 1.043037
40.563323 -3.036269
47.723582 2.756391
43.490571 0.218801
39.958945 5.538013
38.270674 -0.950230
42.494834 1.450088
42.448400 3.071666
42.793492 -1.889649
46.581554 0.121263
41.763906 3.208657
42.240418 3.233171
44.358811 -0.153755
45.610324 4.649831
42.117691 0.696605
43.581161 1.842043
42.246946 4.474665
41.981003 4.331618
40.691675 -2.644014
43.132343 -1.083909
43.851647 2.429251
42.985644 0.665708
44.280436 3.086123
39.183426 2.208212
46.040857 -2.795537
41.416711 -0.955892
44.005760 -1.186028
43.418247 3.127727
43.130770 3.100652
38.667671 0.375426
41.919579 -1.014160
43.307554 2.990126
46.427530 1.619749
44.719616 2.894824
45.728638 -3.537148
41.433076 -1.734386
43.879402 -3.520941
46.153311 -0.369009
41.084531 -3.433574
47.715500 0.674533
41.650997 0.699907
47.332472 4.930055
45.646266 -1.610240
44.905485 -2.751039
42.834547 -2.520639
40.022299 -1.140638
46.776151 2.770906
40.064723 -0.832175
43.109326 -0.236576
41.603359 -1.279899
43.694791 1.977697
45.108552 3.327518
46.676229 -3.854444
46.890063 -3.067224
47.170409 2.380869
44.974876 -0.842602
41.503721 3.925630
44.879719 -0.385811
41.055242 -0.791700
44.935464 0.024813
41.434769 0.158827
43.577499 1.263472
40.124704 -0.109809
43.400281 -2.931918
42.852481 -1.637258
43.146995 3.981468
46.943992 0.532580
42.954449 -3.430607
40.876144 1.531212
45.863322 -4.530890
41.027842 -5.356276
44.164953 1.650810
46.635228 0.108582
42.300145 -0.751084
45.139521 -1.499734
42.703683 1.936761
41.921553 0.021779
43.833257 -1.257891
47.366825 1.530481
45.269990 0.643761
42.101362 2.469495
43.456547 -1.013177
43.140022 1.898763
39.234665 -1.704103
43.143180 1.576168
45.652073 0.901649
43.394149 3.198736
40.511735 5.503636
41.799272 -0.454308
42.817715 -0.038904
45.649943 -0.116562
42.324628 1.533581
46.298340 -0.551354
45.186398 -0.425341
39.083796 -0.457658
42.219684 4.908322
40.849964 2.571082
42.439832 -0.512009
40.330583 -5.424478
45.881603 -2.001139
44.908411 -1.668160
42.613188 -1.260123
44.777670 2.573324
45.988345 0.583163
45.205118 -3.979029
43.058759 2.639126
43.193206 -1.415719
45.023731 -2.142258
42.382105 2.829696
46.271591 -1.991144
44.415010 -0.313235
43.291182 -3.667762
43.536503 0.881310
38.654423 2.818876
40.892617 -3.305475
44.927587 2.708390
42.151144 -0.193562
41.895330 -1.188496
41.347778 -2.847289
44.777850 1.640602
43.671461 4.374136
42.658263 1.852165
43.233745 -3.149542
43.060753 1.862176
48.146065 -0.970569
40.124596 -0.909208
44.783018 1.749831
42.092522 -1.627510
40.148205 -1.355854
41.951566 -1.171496
39.923125 -0.393108
44.502202 -0.835087
41.787878 1.863801
43.974863 -0.213954
42.375214 -4.099140
41.245107 -1.077290
40.755934 -1.093924
44.403871 0.397499
45.679119 -0.566930
47.475860 0.458529
44.558080 1.306108
47.128206 -2.284115
41.966329 2.863468
42.291925 -0.670124
42.238765 0.002311
41.490322 -2.914320
44.266676 2.578639
44.482409 -1.233301
42.312514 3.673772
43.521039 -2.253207
42.845099 -0.138195
46.081568 -1.460361
45.995011 -2.125836
44.079641 -3.367031
45.970495 1.885571
43.606913 -1.236047
41.858120 -2.101760
47.152740 -4.315762
45.132963 -1.662498
45.255764 -0.078111
40.529918 0.791770
49.230801 0.683188
46.055294 -2.523564
39.581819 -0.860494
44.913254 0.181418
42.669955 -1.617782
43.685921 4.619957
44.822431 -4.838834
47.524027 -5.063661
44.740138 -2.498556
40.704208 -1.764536
46.855312 -4.134292
38.865283 2.960727
42.136636 -1.268006
43.775693 -1.679718
44.822707 -1.091699
41.522142 -2.973542
39.333446 0.210731
46.304853 -1.436128
44.419742 1.134961
45.083190 1.610463
43.631880 -2.466071
40.218151 1.570131
42.188629 1.574249
43.449758 0.216494
44.816224 0.995173
44.016822 0.241922
41.447121 2.080164
39.905872 0.737127
42.327234 0.121599
43.429214 -4.776142
40.246785 -0.606035
41.637195 -1.979511
42.346736 -0.799152
36.080623 -0.348091
40.187117 -3.276515
43.277624 -0.485941
41.575631 -0.771886
40.357197 -3.467370
42.088823 1.026455
41.744006 1.076883
42.978074 -2.592503
41.179449 -1.002661
40.648888 -0.528473
47.546001 0.265602
39.978417 -2.605584
43.346635 -1.087839
45.307284 0.081962
46.942519 3.260712
44.993772 -2.974547
42.544387 -1.527638
40.223983 1.727374
40.464584 -1.297434
45.599158 2.453673
39.670524 -0.929432
42.020088 -3.864117
40.433332 2.741711
45.463953 -1.516054
42.195897 2.311566
39.508374 3.227596
44.077174 -1.297768
38.513555 -1.973560
46.275079 1.247224
43.963004 -0.732157
43.739789 -0.296571
40.586934 -4.124728
41.286555 1.173041
46.620378 -1.145113
44.556917 -1.320412
41.824366 -2.145888
44.718093 3.225681
44.429108 -2.753416
40.520720 1.023367
40.794661 -1.178190
43.988903 -1.201380
43.105491 0.941540
44.754533 0.078005
42.438499 -2.677849
42.056257 -0.177182
43.683483 2.197521
39.526722 1.616059
42.175989 3.812287
41.642702 6.904354
39.474128 1.756688
44.826336 -0.715213
41.065525 -1.034938
47.082497 -0.436769
39.821908 -1.570288
40.743729 -1.133980
42.821205 -1.441288
42.578338 5.210953
42.909689 -2.681450
44.072103 -1.104593
43.705959 -2.490990
48.340736 5.594002
43.189371 1.008833
42.352942 -0.500970
45.915205 2.907338
42.190312 -1.089652
42.987691 -3.913933
48.394216 0.520074
42.268977 2.092597
41.318135 0.726732
42.047937 0.951263
44.043351 -4.010571
44.803599 -0.069987
44.571664 0.284624
47.407812 -0.655263
40.195270 2.673581
42.672042 0.682620
39.955828 -0.930670
43.942897 3.054949
43.605205 4.411926
39.275395 3.102675
41.690935 2.622937
43.259073 -1.780029
41.489287 1.166206
44.628468 -2.504271
45.945952 0.794337
43.000721 3.970692
46.161716 -2.658337
44.566092 -1.523116
42.605566 -0.601700
40.639244 0.339806
40.861365 2.294444
43.277358 0.814448
43.060779 -1.508394
44.665242 -7.888205
46.711400 -3.560035
45.526807 1.045707
44.809959 1.097998
41.414180 -1.475760
41.917388 -2.319378
43.331922 -0.568795
45.163336 -3.260906
44.597024 1.226141
43.722065 -0.838368
42.457673 -1.054834
44.130198 -3.817531
45.409560 -1.083663
41.328044 0.447238
45.237386 -1.334234
42.790963 0.523980
38.881285 0.231086
42.347558 -1.049443
45.934110 1.655601
43.719008 -4.789974
41.870300 -0.830025
45.822869 5.011792
41.615993 0.922843
39.662172 -1.556033
43.119508 4.490933
37.501226 3.904411
40.363753 2.414012
43.775554 -0.979284
43.196574 -1.003574
45.783232 -0.048875
41.149874 1.782264
41.755537 3.897046
39.890748 -0.537469
39.431451 0.149235
42.259123 3.426125
41.413595 0.408889
41.765767 -1.259237
40.615361 3.416389
43.619904 -1.969664
43.560194 0.615860
43.128168 -3.198412
41.198493 -1.079631
42.260202 2.951281
42.223144 -5.367963
39.678391 -1.472316
42.198086 0.267411
43.587037 -0.338726
44.581569 -0.687053
45.356012 3.850833
43.323504 3.083263
47.996130 0.112268
43.729021 -2.363681
42.714506 -2.226409
45.846356 2.918532
42.760030 0.691690
44.646730 -1.709258
40.260374 0.215217
46.840691 -2.296338
42.683321 0.344173
46.130082 2.615878
42.161748 -1.849073
39.987183 0.819799
38.089534 -1.153191
46.952002 2.283402
45.262422 2.799928
44.070322 1.601719
46.213583 1.720155
44.236784 -0.891623
40.950447 1.555717
42.829621 -1.939161
40.509092 -2.720956
41.444218 -1.526031
46.753919 -1.754529
41.136611 -0.534038
41.433312 0.637159
43.121100 -1.358820
44.282338 2.724748
41.029534 -0.108761
47.675074 -1.919093
37.757838 1.594745
40.304561 -0.500504
42.821905 -0.872311
40.231524 -2.158340
38.910879 -0.530915
43.507083 0.896437
42.142574 -0.289854
46.298458 0.112637
45.443481 1.482002
46.913153 -0.224867
45.694544 -3.966581
41.818513 -1.782379
43.928682 -2.806881
43.679889 -3.734085
42.088859 0.789133
39.574019 0.974085
45.907620 1.497557
42.129420 1.952183
44.073682 4.225215
44.919531 1.366335
45.042500 0.863700
44.401014 2.312733
40.432734 -0.901251
42.298267 0.910540
43.941996 -0.288617
44.209271 -2.705140
39.831396 -2.911619
40.865041 -2.386938
41.190855 2.489398
43.259806 1.234273
41.825885 -2.596812
42.803860 3.197620
37.209480 -0.234782
42.345976 -2.155154
41.904484 0.123103
44.702338 -0.546842
43.940814 0.685444
40.671488 0.254249
42.857340 1.325877
44.706074 3.570625
45.248935 -0.802598
37.334161 -0.903991
42.183486 -1.006718
43.135642 1.345824
42.252676 -0.205153
44.313456 1.798910
42.323439 -3.162726
40.985222 0.499589
47.197983 2.475755
43.496454 1.487552
40.393851 -1.127884
44.640816 1.630841
43.814671 -0.175263
45.520563 -0.484720
46.058456 2.010402
43.156436 -2.284426
45.652621 -0.541381
42.303184 2.979164
42.718949 -1.210371
42.997106 1.348269
41.915295 5.009605
45.678674 2.133447
45.384373 -3.646099
43.824583 -2.008645
42.908350 -1.501913
39.404594 2.048789
41.957892 -0.194900
44.961372 -5.160540
43.063516 3.151379
44.313989 -4.276566
43.418827 -3.081074
42.627565 2.615998
40.498420 -0.027950
43.231260 1.062983
47.258259 -0.079116
45.263583 -2.969348
45.073256 0.480268
43.460022 -4.275482
41.256074 -1.154360
46.156135 2.696350
40.575710 -1.707061
42.854101 -1.470347
44.490830 0.779932
41.412041 -0.672513
41.048735 1.837740
46.245085 -2.895749
42.411758 0.147093
41.674116 -0.484202
45.302081 3.865897
42.860412 -3.585441
42.186796 -2.091158
38.201594 -0.390928
40.461947 -5.878876
39.004678 1.772540
43.955955 -0.046289
40.003773 0.116940
44.431262 0.372792
41.401761 0.134030
42.277598 -0.581877
40.846603 -0.922599
47.623796 2.489328
38.964192 -0.173968
41.633743 -0.746119
41.721256 4.354228
43.189754 -0.565563
39.600657 -1.591878
43.348440 2.039322
43.629033 0.652187
41.462998 2.852383
40.153316 -0.099270
42.083335 2.357969
45.277315 -1.339231
45.638285 -2.352874
39.151578 0.275224
42.355217 -2.601589
42.579956 1.414449
42.691484 2.977474
42.180167 -3.513100
40.290307 4.773395
43.321469 -4.224179
46.967288 1.504599
43.896857 0.212868
40.311844 5.211536
47.346316 3.105475
41.636637 -0.021427
43.170393 -1.745842
38.803766 0.074004
40.932808 2.555967
41.065290 -2.601841
43.939845 -3.759608
45.024127 -1.593734
40.815144 -2.122284
45.961975 -5.569813
45.372905 -1.606122
45.595422 3.462051
43.863339 1.903478
43.007527 0.931432
45.542675 -0.164605
49.223582 1.140240
42.705073 -3.732030
45.304471 2.677278
42.960929 4.051077
40.710051 1.961935
45.605087 -3.706008
41.459200 1.499107
42.580893 0.493786
46.349915 0.111436
45.868281 -0.995818
36.584512 4.139496
45.211240 -0.011098
44.167902 2.850976
41.324766 1.550677
39.365657 -7.569270
42.747258 -2.089267
44.873669 0.690932
42.231248 -2.592314
40.990709 2.590621
46.102139 2.680665
40.611877 2.200193
41.853108 -3.198935
44.234453 -1.056713
42.628958 3.169391
40.279366 -2.108865
44.873234 -2.356553
42.445742 5.495071
45.696169 0.962820
46.309836 -1.471190
42.518072 0.536113
42.639066 -4.705773
45.007826 1.668922
43.440891 -2.740623
45.406160 6.208142
43.095388 -2.412784
50.406221 1.831897
44.668434 -3.092238
43.248704 -1.073323
43.234748 -3.390399
44.841852 0.050498
46.748815 -1.342473
45.319072 -1.836070
38.962379 -0.500468
43.423255 -0.458141
42.144751 2.140648
43.346650 0.726159
43.715367 -1.151389
40.474136 4.141792
42.197152 -0.242250
45.498051 -3.282693
48.438748 -3.365089
42.616400 0.018768
43.707146 1.555461
40.587480 0.189212
44.121585 -2.624641
45.907572 -3.012576
45.126923 -1.905428
45.797042 -2.606070
41.455864 -3.078597
40.688620 3.673309
41.618756 1.865436
39.868361 -0.460039
44.215703 -1.399894
45.346768 0.650358
41.097519 0.532129
42.918841 -1.078544
42.830745 1.758806
42.073858 1.846744
41.970366 -0.848490
42.224084 1.419683
40.384159 -1.907115
40.649299 -2.938429
45.170527 -1.464269
47.557676 4.508757
44.707799 -1.800198
44.373231 -3.335211
42.272250 -0.657056
45.260161 -0.080575
41.661380 -2.151335
43.791090 0.179945
40.536412 1.606290
42.587237 3.774667
44.753827 -3.306073
44.432003 1.110790
40.104985 0.028349
42.498231 -4.500443
48.104865 -0.406340
44.010785 2.844123
43.969631 -1.891360
41.638741 -2.048280
40.239009 5.492003
42.712805 -0.840436
41.294613 -2.323853
44.785998 2.009683
45.508653 -0.209687
42.314167 -2.421498
41.996939 -4.221852
40.637253 2.644013
39.618038 -3.362433
39.451651 -0.545354
44.974197 -0.966374
42.857289 -0.240340
44.103535 -0.992210
42.908999 -1.850136
44.492176 2.828425
41.254966 0.719192
43.799193 0.674927
38.804690 1.177913
38.568813 -1.300654
46.128970 0.396513
44.400686 1.816819
41.205490 3.821048
43.360557 0.242175
43.074890 -2.207459
42.077095 -0.954041
44.574250 -1.831104
40.691215 -0.159242
41.737317 -1.103771
45.173816 -3.112475
49.609724 -3.342765
37.797477 -3.639648
38.155768 1.235548
46.567158 -2.322118
41.429722 -0.997480
50.626091 1.342779
42.803787 3.850032
40.518910 -0.508593
43.424293 0.382088
42.829362 2.375817
42.246356 0.849687
41.867424 0.430840
45.290546 1.190352
43.029932 -0.857596
43.162323 -1.842391
38.011483 3.014560
42.659436 -3.080577
48.381928 -1.317121
43.190047 0.190608
45.438268 2.240487
43.913752 -1.689811
43.319177 -3.531491
39.059171 2.017069
40.247372 3.174835
42.098256 1.059910
42.550502 3.028323
42.761421 0.320442
42.584528 5.215664
42.821517 2.949374
40.947283 -1.044632
39.172321 -0.968832
41.412685 -3.265138
43.480968 -1.976240
40.817548 -0.914473
40.172987 3.841096
42.171673 -3.456523
46.393549 -4.157197
42.659138 2.227131
42.571635 1.396822
39.481043 1.903666
37.234641 -1.366856
41.692556 -1.221122
41.165050 1.851403
45.834398 0.270678
42.265008 1.796018
41.548072 -1.431950
42.538292 -1.354481
42.553006 -1.965646
41.622893 -0.225169
40.153443 -1.847232
45.309869 3.081840
43.801648 2.498441
41.838581 -3.065694
38.487645 3.518610
42.100820 0.670165
41.794793 3.749978
44.351906 -0.380289
43.973788 -0.429591
43.542479 -1.763465
43.569047 -0.370702
42.990047 1.009718
38.897585 -2.543911
41.657831 -3.870098
38.853407 -0.438720
46.002296 2.009236
46.920805 -0.711002
41.190549 -2.334372
44.107088 3.050082
46.701315 0.630231
43.162207 -0.519172
45.827045 1.271890
40.642970 0.256084
46.119874 1.248452
38.919787 -5.303849
43.554950 0.344907
41.832375 1.558070
39.841719 -6.037385
45.987123 -2.343729
44.681496 2.382152
44.267938 1.104015
40.541080 3.536480
45.587893 -1.111246
37.188605 1.809164
43.280661 0.171998
47.552375 0.478303
44.324316 -2.312102
43.412419 1.063668
41.679835 2.454561
43.560257 -0.019755
47.518018 -4.596800
45.793289 2.053213
45.826307 -0.346570
43.832912 -5.820726
42.779884 0.067503
45.289605 1.101042
47.727405 0.637486
47.031658 2.270646
42.222867 -2.096571
41.607894 -0.579363
47.269425 2.061592
38.214223 4.321673
40.547750 -1.905705
46.855360 6.220163
40.045446 -2.738240
42.961361 3.038927
40.959855 0.327969
43.200580 0.363254
44.920062 -0.635156
45.850889 3.074262
44.622889 2.517941
39.118181 -0.015721
47.602293 2.296940
43.795139 0.686819
45.877673 0.249566
41.720790 1.716908
41.735237 0.947994
47.348415 -1.234702
41.129831 1.465983
44.266438 -0.164616
44.078255 0.910260
45.548084 1.466287
43.227575 -0.433282
41.281206 -3.802937
45.406286 2.999330
45.105525 -1.707616
42.499785 -2.071099
44.241518 1.567962
46.955873 -1.786339
43.934994 -1.048091
44.022951 1.717057
42.554813 -5.274131
40.523483 1.633984
39.967223 -2.284494
39.096277 -4.880433
44.569005 -1.183830
40.774585 -4.238679
44.691305 -2.233080
41.201951 -0.499410
41.193524 6.573694
46.399196 1.250793
44.010681 1.538638
45.428920 -0.440988
45.365409 1.421402
39.989211 -0.537776
47.379075 1.524455
40.802008 -0.367077
43.628328 0.458989
40.713340 -1.863501
44.212238 3.919560
43.386793 -0.018068
41.797277 -5.063584
41.901916 -1.461940
42.309879 -5.082962
47.011907 -2.919554
45.408075 2.232378
43.840794 1.815630
48.617661 -2.407299
41.815803 0.188245
42.835298 -1.774147
41.169481 -0.262588
42.137542 0.483474
45.554793 -2.688444
40.266428 1.495559
41.652644 -0.116037
45.344701 -1.201968
40.043930 1.102020
40.944664 0.435919
37.863612 1.872495
40.697601 -2.339496
46.838633 0.274970
42.196460 0.094114
42.797832 0.504605
47.713379 -3.071937
43.808690 -1.668420
48.451455 -2.989311
43.484331 0.198949
40.387362 6.869578
47.891517 0.499222
41.083767 -1.165681
46.250181 -3.738871
45.734229 1.477981
43.461812 1.964632
45.333340 -1.306542
42.144776 -1.374947
44.216565 0.631681
45.068219 -4.399154
38.052388 -1.176459
46.385789 1.010564
4.047441 27.011791
4.168265 21.942457
6.409606 16.957290
1.136818 22.349215
-1.454661 21.882641
6.531801 28.644948
0.759496 29.138777
2.749637 21.326089
3.720566 20.533071
1.019862 19.288266
-0.843956 22.958404
0.325106 23.850335
-0.404738 24.999435
0.852264 19.125425
-3.910622 23.537381
8.100632 21.386056
0.839863 23.654720
2.692282 20.450436
7.235288 25.137928
0.131426 22.482795
3.391962 19.525468
5.601058 23.720627
4.374225 17.729230
-0.711297 20.867630
1.644470 22.869861
0.597096 20.811112
4.975723 23.094655
0.242179 19.717587
0.162301 21.525874
-0.407216 19.493504
-1.270208 23.568211
-3.521780 25.777955
-2.733831 25.369619
-2.858832 21.341136
1.006184 25.715043
2.787835 25.081213
1.304808 22.015144
-2.343420 20.257854
3.319069 23.452785
2.970374 21.820230
-2.269150 25.936054
5.608741 23.002492
6.456074 15.385891
0.007022 17.645790
5.394039 26.471472
8.277084 28.062463
0.452858 23.415438
4.835174 28.092002
-0.240005 23.426892
2.257808 26.826632
-0.791966 23.496864
2.708920 26.145155
-1.237231 24.375091
4.003805 25.125858
2.210766 20.353813
0.058284 23.495691
-0.559193 21.637979
3.333235 26.109252
3.025359 21.421089
-0.636853 20.984755
3.238438 20.215425
-3.504571 29.302554
3.263307 23.242319
3.180841 23.797019
0.270663 23.523453
5.530887 29.964778
-1.882663 27.603174
-4.362696 20.382986
-0.393123 26.214668
-1.414925 23.621617
-2.879726 23.373626
-0.750653 20.496251
1.348376 22.920954
-3.515151 27.320366
-1.238298 24.671098
-3.595440 25.685584
0.714959 20.186233
0.462500 24.035977
3.258388 24.986024
1.990417 18.450211
4.153109 17.377117
1.086899 24.241854
1.987423 25.642485
1.270790 25.430063
1.203230 24.602639
7.717541 28.014706
4.466186 16.464540
8.890534 20.875868
-0.890189 18.013110
-0.483806 19.942602
-1.877356 20.318072
7.945640 22.522606
-1.637856 23.622585
-1.095114 23.373310
3.207564 26.316490
0.414726 28.891980
0.986084 26.234240
2.155702 21.138109
2.448537 24.500900
-0.570507 21.699876
0.386195 27.569313
0.966128 21.664752
-0.813441 23.636417
-0.203590 23.333496
0.764976 21.834746
-4.746318 21.773306
3.147955 26.493342
3.099723 24.212810
1.035180 21.919219
1.207668 20.264334
0.006082 18.331085
2.237093 22.702370
-0.043181 24.336744
5.995110 19.858858
5.012687 18.712877
4.014905 19.867263
-2.885216 21.453358
5.531191 23.397671
0.299458 22.067592
0.571280 23.864570
1.263454 26.255429
3.338217 21.713710
-1.872643 29.702024
-0.080926 24.495793
1.629558 22.473376
1.598301 22.136408
-1.893634 23.188959
-0.843872 21.418170
-0.302078 22.628910
4.194007 20.679121
4.104855 25.218177
2.382066 18.675194
-0.059213 28.208232
-2.891214 25.126096
-0.228857 22.241661
4.867702 22.405493
-1.764247 22.334232
5.680555 27.648303
9.132178 22.387856
-2.719598 26.672326
-0.801821 22.000412
3.789017 16.861708
2.354473 25.657330
2.410746 28.305298
-1.897811 25.380876
0.141441 22.219509
0.152630 24.661104
-0.097808 24.827473
3.779220 25.575938
-1.315942 22.509792
-0.641947 25.802732
2.867234 20.704079
-0.165082 21.818665
2.736346 21.653767
-2.856289 19.908855
1.724854 16.868919
-0.377452 23.091645
1.803911 21.103674
0.299293 17.753188
1.779107 21.515169
4.550251 19.876639
3.302729 20.303653
-1.503941 22.902742
-5.090753 24.403519
-0.764003 21.121099
2.344129 27.882491
-2.179407 25.057822
2.271484 19.820456
-0.132795 23.614988
0.172353 22.265480
4.313258 24.864409
-0.170454 23.757353
0.601689 27.770323
3.376352 21.076215
-1.847159 23.787193
9.365906 21.393094
0.243666 20.974146
0.354950 21.085773
-0.628898 22.037496
2.014783 22.568471
3.034796 20.005125
1.047785 23.937932
6.548437 18.072862
2.390037 22.786848
3.436334 21.898520
-1.723281 24.982057
3.939376 22.766441
3.886092 21.813581
-2.473448 26.108780
-2.025467 25.158581
-2.326277 24.294633
9.610874 23.709734
1.867291 21.718660
1.806713 25.265842
-2.503256 27.023841
2.735289 22.497114
3.257024 19.199901
2.053752 25.206946
5.645711 26.246650
-4.699381 24.242936
1.958688 25.317898
6.198941 23.801120
-2.379850 20.239956
5.057640 20.346771
5.203336 22.341111
3.628316 26.037152
-2.456658 22.864084
1.212181 20.144011
-0.912420 26.371903
0.032692 25.623767
-1.941180 27.216943
-2.016032 21.845295
3.365792 20.411490
2.304136 21.924606
-1.858908 22.184458
1.237905 23.310421
-1.987690 20.810661
0.850940 22.379840
3.612827 22.353029
5.411666 18.879264
2.186871 25.216337
2.944995 25.415776
5.393806 22.346588
-3.883672 24.568963
-0.722372 24.785007
0.615189 20.550962
3.325123 26.007997
-0.710814 23.919007
5.215512 24.894402
0.924629 21.746971
1.042896 22.498313
-0.777718 27.713076
1.643297 23.492286
0.980685 17.998885
-4.193090 24.681346
4.174513 21.586456
2.025458 27.860849
2.214468 21.380779
-3.189062 26.239104
-3.455620 25.748723
-0.679643 20.078683
5.548308 21.950039
-0.648421 26.849147
0.888756 26.415580
-2.553764 27.903611
-3.360010 20.001433
1.688103 14.562487
5.084195 23.988900
3.712807 27.765860
-1.424847 17.611756
2.209826 22.809165
0.104427 24.761569
-2.262117 23.891587
-2.483015 20.124129
2.567329 26.906459
2.808860 17.512051
-2.951268 22.998215
4.096641 22.242756
5.286663 25.737019
-0.699747 26.630469
-1.678359 22.832557
3.510493 22.991663
0.883445 19.433218
3.923779 25.140765
-5.454593 24.070422
-1.443133 25.532055
2.397680 22.003236
-0.866034 21.915168
0.265278 19.070038
0.136071 21.325152
-0.706927 19.444841
1.392726 20.177222
5.631568 24.088041
2.744746 25.272817
2.824307 20.589772
5.501610 19.750674
-0.667776 26.959344
2.319457 20.523252
2.013710 27.897734
0.557331 24.333303
-1.706739 19.579149
2.745728 25.028591
6.281758 23.839864
-1.161238 26.070060
-1.045436 23.364324
-2.291839 22.536912
-0.626516 22.381598
2.069610 17.266448
0.014010 20.966745
-3.322714 23.675831
0.973516 21.923967
2.656683 21.555967
4.720548 17.923561
-0.707021 23.389912
0.215933 25.973717
7.759729 20.742362
0.595088 21.302468
2.399800 22.736253
1.566345 19.800616
2.519344 25.887272
-1.497138 17.384723
5.427807 25.917885
0.087597 20.040241
-4.595484 20.383938
2.056469 24.196366
3.158865 22.627970
-0.473038 24.236480
-0.256558 20.857566
-0.012405 19.866501
2.807319 17.544862
-1.425587 27.570458
2.527534 20.497499
0.094163 19.973074
0.450190 22.912012
1.749744 20.410287
1.335492 23.313102
3.170981 25.497795
1.235555 18.053353
2.758440 21.966430
-2.836822 25.303128
0.603368 22.533591
2.290141 20.276588
-2.734905 22.826611
-3.009409 23.264503
3.538714 28.238092
-3.088654 27.487020
2.466531 22.717167
4.277213 19.563344
4.135738 21.587992
0.088285 26.823782
-0.021306 20.627485
-0.180410 22.320699
-3.510417 28.785940
0.312320 24.890510
-0.488253 20.119113
-1.267287 17.463015
3.884805 21.828707
-1.824912 26.729343
-2.035384 20.017369
1.612500 27.179990
0.593211 19.031026
-0.636644 22.589669
5.610968 19.816026
-1.919758 24.093466
1.146055 22.063195
-3.077394 20.055349
-0.600640 25.806174
3.509016 21.434713
1.774156 20.489711
6.919406 23.669111
-0.349738 21.139097
-0.843819 22.154290
2.965258 23.170456
-0.088072 16.847061
0.309249 26.792799
3.438036 23.909791
1.650901 19.861423
5.787096 24.973168
3.633779 24.916325
0.550157 25.914889
3.529981 21.507367
2.427380 19.796908
1.274373 24.102367
3.131201 21.370052
0.274460 25.342928
1.628213 26.239992
4.712197 25.494169
2.747319 20.223901
0.584412 19.790469
-0.940632 23.287754
-1.130806 22.070759
0.916769 24.738135
-5.077740 23.515166
-0.390121 23.378193
-0.245741 27.909069
-0.086802 27.265717
0.785165 21.272368
4.141575 24.366411
4.589051 25.639242
-2.514714 27.818514
-1.501671 17.267752
2.165924 29.019493
2.845175 25.186618
1.901346 24.273225
-1.873561 20.163330
5.299494 20.495612
1.379516 22.000288
4.599747 22.402171
-0.080989 24.524786
-2.358824 16.940045
2.568059 25.335899
0.269301 23.533450
7.504876 23.401497
-2.370756 17.992440
0.111991 21.219090
1.567221 28.972841
0.505646 22.013497
3.010940 20.470676
0.259196 19.986177
0.532519 19.324780
1.982386 23.522401
-0.845365 28.938649
-1.655479 23.752985
4.030030 25.075918
4.708990 14.633584
-3.244166 24.282189
-0.095098 25.797089
3.932077 25.166212
-1.175492 26.877254
0.522971 21.180014
1.279852 25.467737
1.242433 23.333806
4.768241 24.588341
6.183944 20.739890
-0.538879 24.001854
2.046644 24.370853
4.110136 20.407212
-6.530631 22.078445
2.120550 25.650371
-2.943673 26.426021
2.675650 24.768737
-2.196519 24.653452
4.206457 20.819869
4.190011 22.382825
-1.754881 21.975530
5.568657 25.031530
2.653869 19.656242
3.971697 22.416952
0.932022 20.795864
0.259875 25.233914
4.114875 24.089216
1.425929 30.187976
-1.324409 21.847364
2.356429 20.875145
2.595017 26.157055
2.323752 24.349223
1.921276 26.009661
0.691567 20.895413
-1.874515 28.652073
-1.425767 28.906059
-1.459948 20.927538
-1.875717 18.229995
1.154310 23.934996
-0.098642 26.724039
2.202978 21.067218
-0.009317 29.936108
-9.804754 20.100263
4.509158 24.743360
4.625316 25.391002
-0.308098 22.328136
0.389368 21.229837
5.006303 22.637399
2.692268 23.560597
-2.020938 21.795936
5.134224 18.513071
0.261631 23.463078
2.461007 25.583603
3.102171 21.186640
4.955324 25.140778
4.807648 21.841623
-1.117615 18.599277
3.042332 24.556822
4.966071 24.865675
8.460164 25.909672
0.348264 24.777939
-0.296452 23.357625
0.837242 26.618465
-2.559413 26.729031
0.086779 26.023448
-3.102038 24.371821
-2.463376 23.352921
4.193531 25.158557
-0.900275 24.441723
-0.248693 23.647228
4.953166 22.867002
0.430923 21.174191
2.098800 23.186383
1.464181 23.653249
-0.662324 22.840068
2.128737 25.077501
1.725152 26.371687
-5.923352 25.792782
-1.057025 23.798945
4.610591 22.559742
5.917279 20.898977
-1.318133 23.550667
1.091312 24.795765
4.711558 22.016939
0.387869 25.055773
-0.152963 27.014801
-0.980842 18.391016
-0.842498 22.130458
0.622519 23.594757
4.644160 25.392936
1.487777 25.493962
4.735898 17.051309
2.332520 24.311597
2.310130 24.166509
2.657252 14.022226
-2.743605 20.194089
-0.880549 21.092112
0.093528 26.227030
-5.975509 28.764666
5.385427 22.946365
-4.188683 26.711701
1.782721 21.169146
-1.892567 22.523299
2.145710 23.645609
-0.647351 24.065806
-3.963260 27.243024
3.262073 26.441571
6.149254 29.182588
0.430204 22.285500
3.697454 18.474371
-2.695612 19.848462
-4.178397 24.218046
-1.999184 19.404602
-2.881375 24.555269
3.013550 20.307173
-4.360694 23.037224
-2.593215 24.683076
1.229891 28.775947
-1.514844 23.436159
3.146054 24.455183
-0.190262 26.050126
5.467585 25.395092
-2.573768 23.893312
-0.482778 20.784762
2.229554 23.420957
0.253223 22.514942
2.362386 18.860695
-3.309013 35.143581
-4.020930 24.484945
-2.607245 18.105703
2.737153 23.150152
-0.135694 22.372123
1.047301 19.798014
6.591441 26.946845
0.886294 17.700991
1.341706 18.928193
5.250796 23.194091
1.247605 27.544267
-2.260369 25.295127
-4.714843 18.580227
-2.328807 22.293735
5.218935 26.688252
-4.311681 27.370250
4.337868 20.204053
-4.173545 20.918562
0.425489 21.740353
-4.228598 23.124863
0.099296 27.550764
-3.345628 24.590368
1.061532 19.067235
4.620439 25.017480
-2.947626 29.405292
-1.028942 19.858073
-1.953889 23.753644
0.253035 22.274549
1.685559 21.302240
-4.059986 22.798693
2.405083 18.738428
1.962757 27.209524
4.283696 24.818411
-0.985703 25.939980
4.428078 26.081309
-1.565210 23.087462
1.377473 21.829696
-2.888300 17.921829
-0.015183 17.847626
-0.269707 23.906448
2.217097 17.749997
1.688202 19.712348
3.567798 26.646977
-0.195824 18.046178
3.474278 25.443070
-0.294684 20.132740
2.707153 22.098079
4.698318 16.502515
-0.097475 18.690914
-1.406512 26.960910
3.040186 21.786328
-2.593298 23.339255
-0.482055 26.855081
3.110543 21.567651
1.953421 24.749813
-1.146427 18.309632
-1.949218 21.589431
2.753570 27.264848
2.383244 25.108756
4.259592 22.363297
-5.144940 21.161969
0.478124 25.099383
-0.067654 15.482727
-0.297824 22.978975
-1.834799 25.825029
-1.392621 19.523894
0.222208 24.504441
7.126616 25.790055
-4.410507 20.881488
-6.515649 23.201772
-0.241779 24.261479
-2.249690 23.844535
-5.152219 19.971230
-0.775694 23.602738
-1.335241 23.933477
4.502909 21.449850
7.434150 21.080195
2.655309 23.182504
0.470649 17.404478
3.448775 19.314103
4.060509 23.536295
2.430464 22.731945
0.307377 19.107444
6.091163 23.439295
-0.147912 17.795568
4.969545 25.926735
0.697580 21.659007
2.947102 29.116861
-0.120141 27.742130
-2.959128 21.324720
2.154445 27.997765
-0.265382 22.125859
-0.051342 21.133378
4.821969 15.662805
-3.276777 19.209456
0.504944 20.167962
6.451738 20.729310
-2.170414 24.056416
0.363889 24.105925
4.166126 22.660144
-0.094987 21.171563
2.399173 20.454245
0.373885 21.061916
4.629685 25.422642
-1.096711 22.589015
-0.278481 18.883885
-1.968320 22.357579
2.356123 23.063406
1.640263 16.850793
3.753832 18.658387
-1.383495 24.056795
2.381559 18.995107
1.213438 24.569801
1.660248 24.337057
2.196134 26.118737
2.381262 25.417889
-0.756447 21.423044
-0.948821 23.477093
0.851207 21.775395
0.574596 22.145504
4.673407 22.706412
3.017092 17.020054
4.097147 23.642113
2.816959 28.849012
0.428965 23.108798
1.743132 23.495655
-0.767020 18.380057
-2.051351 25.923271
-0.619377 23.774326
-1.265801 25.352360
-3.788593 18.616975
4.226962 21.038470
1.244592 23.260604
-1.246837 25.671723
0.576210 23.203192
-5.197214 28.079404
0.805362 19.178581
0.315822 19.248217
-0.540879 23.473471
-1.967505 26.192792
0.747987 24.148670
1.707951 23.046801
-0.526118 21.570149
-0.073392 24.412849
0.292593 28.381636
1.098968 21.015479
-1.389394 28.581256
1.481468 19.700513
-1.546130 20.924029
-0.085395 23.265396
0.398080 23.717818
3.434365 21.419233
0.701841 20.117254
0.818908 23.923901
3.591748 24.735058
-2.111241 19.076185
-2.318032 22.914649
4.248567 18.983503
-4.539882 18.837020
1.644029 21.653296
-6.054308 24.800613
4.207767 22.433464
4.800779 24.664362
1.502194 18.724593
0.655976 25.288219
3.232467 26.347981
0.705772 22.133776
4.439873 24.784366
4.631310 25.715818
-5.407520 27.347903
-3.845932 19.255388
-0.336011 24.772813
2.585853 23.805988
1.360806 21.902497
-0.576608 19.985388
-0.769390 21.440341
2.888740 17.057669
3.772844 21.669730
-4.697581 16.959879
-3.033085 22.880595
-2.131379 24.766423
-0.625372 21.901278
0.820579 22.551782
-0.896276 23.960463
-0.230284 26.780007
2.598776 22.823922
7.098671 24.292264
6.125041 28.113289
-2.235259 20.462605
6.921286 21.853320
-3.964712 22.995012
-0.152956 21.275540
-1.188887 23.839663
0.839398 22.614346
1.121090 21.404317
1.989548 23.710462
4.656976 25.143618
2.797082 22.651301
0.172039 24.757786
-1.029705 23.812612
4.793808 23.956574
-2.059982 25.743988
-4.591706 19.760023
4.229077 25.657129
0.890980 20.565530
7.840584 22.051982
3.507465 26.332280
1.370826 23.105692
4.394368 19.108446
-1.657884 26.701407
3.437405 21.451370
3.573119 20.759520
3.738673 23.917952
1.617193 29.822738
5.095744 21.093411
3.736973 26.030031
-1.408874 18.009836
0.014061 23.845790
4.967106 22.670364
9.361853 27.836815
0.881001 21.739797
-1.464743 22.779204
0.507646 19.104465
2.913907 26.117433
5.383003 27.020697
1.846772 26.255852
2.303694 22.532151
5.716727 25.654972
0.089313 19.750931
2.000147 27.110954
-1.117818 22.901655
3.386353 25.299644
3.689409 24.834403
3.029659 22.906563
0.683222 23.496325
-1.434164 25.649163
2.823470 23.855178
-0.791775 25.708962
3.536532 22.688900
4.006451 21.644484
-2.396365 20.930016
1.742072 20.175918
-3.332108 21.877723
3.820462 20.579213
0.534348 24.708786
-3.450729 23.752648
-1.029174 22.557598
0.387646 19.005063
6.788988 21.966967
-0.546306 27.383509
0.357076 20.414334
-0.305402 21.170536
3.290446 30.017291
-0.064165 24.027378
0.590748 26.606712
-1.777228 20.716000
-2.267712 20.272547
-0.610281 18.664886
1.781066 21.081084
2.630226 23.875808
2.593586 19.561402
4.083734 17.345381
-1.986864 18.743522
-2.503029 25.677227
-1.468446 20.455641
0.509684 24.434214
3.734897 22.749590
4.563858 22.180280
-0.534257 20.733771
-2.588271 23.309342
3.283398 25.418302
5.350713 21.048354
0.600183 21.951866
3.841453 19.039735
0.116068 27.179373
4.025935 29.401387
2.125254 22.466661
-0.071145 23.439203
0.059738 27.348999
7.234323 27.373331
-2.635304 21.505951
3.600897 20.694415
1.951875 19.683141
4.495500 21.763973
2.910059 23.394241
0.580114 20.244532
-3.009450 22.999796
2.175306 21.690502
-1.001027 24.441313
-3.778437 22.918723
-1.159467 26.602411
0.167921 22.145293
5.219854 22.906104
1.201681 21.390802
2.592160 21.930464
-1.472106 17.270855
-3.290634 17.154086
-0.270344 22.563874
5.126800 24.137208
2.134770 15.983971
3.743163 25.262448
4.382003 22.042961
-0.247684 24.682325
2.541219 19.528448
0.217063 23.053515
2.339883 25.756889
-4.384675 26.173266
-5.349972 22.458111
2.250996 24.174380
2.945433 21.717896
0.628552 29.149380
-5.130530 17.778848
0.451018 26.003283
0.949795 23.887313
3.466373 24.823466
2.173766 24.540397
-3.971001 17.075177
1.222960 24.404365
4.686673 26.065882
-0.443552 18.301082
-2.009803 21.959307
-0.248391 23.017580
-3.979409 22.504197
-2.254840 26.993860
0.492017 20.430034
1.995290 26.677346
-2.386161 28.812172
-0.419853 26.349107
0.674750 22.339695
2.967869 16.969254
-3.573330 22.479645
2.878704 22.721488
3.879513 20.812441
4.640903 24.624620
-0.190873 21.964510
-0.148886 23.851335
-0.832294 24.138073
6.767656 26.191388
2.894680 26.261822
3.561487 23.685662
1.810705 17.877968
1.059342 31.244108
0.456309 25.897190
-4.160233 23.575356
1.317884 23.666710
0.079887 22.644481
4.051301 16.117418
3.478109 21.138624
-2.615807 25.766137
3.602070 22.875725
-4.558909 26.003643
1.239975 25.244550
0.255795 17.014056
3.458501 24.669733
-1.656139 24.352644
-1.973509 18.521805
1.086038 21.248007
-2.188817 25.261246
1.552621 21.737714
-1.454987 20.211130
1.413659 23.393243
0.512694 23.286791
0.009828 25.477115
-2.245931 24.310404
5.819598 26.287743
-2.724291 25.126990
-2.576262 24.999008
-1.907520 20.960701
1.838903 26.862924
-2.735526 25.505616
-2.863577 22.303745
-2.266608 21.874823
0.213497 19.485093
-2.390089 23.405118
3.834258 22.785520
3.096206 23.925373
6.025189 20.089203
-0.347178 16.683097
1.113057 25.764348
2.674895 24.343088
4.003591 28.614301
-0.104620 18.280887
1.269537 24.982641
4.435112 19.045730
3.758777 22.446565
-3.535993 21.605018
-0.681095 20.823731
8.037199 29.689831
4.669334 25.852044
-1.702066 25.126253
1.179919 17.905610
-1.426074 24.171019
0.282250 18.830375
0.619689 20.305859
0.769099 21.976319
1.250577 17.737109
1.972269 19.845652
0.299953 23.464643
-2.365750 23.446402
1.899280 21.828612
2.102608 21.153700
7.104295 22.335880
0.826497 23.966395
1.504859 23.807912
5.105076 21.552565
-0.514845 22.838037
2.042355 20.636686
1.486100 26.067292
0.437134 27.203237
0.747680 25.277994
1.963841 21.773709
1.069820 26.469717
2.827338 23.854337
0.612570 24.704823
-0.352753 25.764588
-5.642701 24.345006
1.479169 21.395262
0.297812 23.463459
5.822412 24.182404
2.206821 27.396218
1.330420 22.767562
1.831870 17.097848
3.235456 21.760791
3.406029 26.860550
3.251710 22.620202
3.659572 20.511795
-4.064895 22.459199
-0.298100 22.616495
0.587239 21.835506
-3.531241 23.459184
-1.875607 22.803845
0.125259 23.890354
2.655758 23.234624
-2.528897 19.581816
2.086208 30.950890
2.811141 24.318777
-2.045438 20.582904
5.647947 21.744239
4.248848 21.794419
0.491560 20.500894
-1.040015 25.501775
1.865318 25.017046
1.599280 24.378112
4.815043 22.622179
2.038487 25.508742
5.430564 22.590770
1.156633 18.799295
-3.056520 24.322854
-1.269698 27.111168
-3.391659 23.712927
0.367059 23.631038
0.912713 23.328030
-2.059459 23.419620
4.594336 20.441205
-1.209646 28.469243
4.316485 24.461755
0.773478 17.613768
-1.904572 20.203701
0.484876 21.953883
-5.439512 27.987889
0.554685 22.362360
1.846959 25.208652
3.716371 18.302774
7.384275 23.325281
1.637214 22.642530
6.362584 20.352113
2.401446 18.153693
0.506056 18.922437
7.559694 24.389526
4.065066 25.233750
-3.215011 23.302912
-1.502635 23.224238
-5.428767 26.413515
0.311629 22.419783
4.629847 22.458784
-0.633232 26.142169
-1.257720 23.586382
-2.037842 26.041153
2.274531 23.089257
2.740479 22.351931
0.835868 25.899739
6.444936 24.657833
4.088037 21.593738
-1.525380 27.131560
-2.434710 21.623984
-0.008097 22.789564
0.106317 24.122962
3.754831 16.598746
-2.205919 22.319427
3.166374 22.919069
-1.448726 21.145948
1.806370 24.539338
-0.173106 23.100767
2.742267 23.395199
0.569464 21.056835
-1.783830 22.319129
-3.797586 22.309445
0.776825 22.053046
0.726475 25.866798
5.035484 27.712696
0.777938 21.837411
-0.308449 19.887672
-0.302247 26.818202
4.079620 23.629543
-0.225230 19.614378
-0.915189 21.581242
0.729759 17.423454
1.775366 25.377907
-0.032626 20.379299
0.849586 28.900056
1.034044 21.947957
-3.898887 22.910941
1.557897 24.704872
6.956429 22.859563
-3.621514 21.056379
4.007914 20.921410
-1.074958 22.771678
-6.496975 23.500908
5.476655 23.393532
3.078778 23.984422
5.184207 21.377393
4.991349 19.506527
2.685294 22.502773
0.350858 24.761974
-1.228801 24.392663
-3.656503 22.584389
-6.926174 19.604678
-0.990659 24.659650
-0.113642 19.361267
5.116644 20.922967
-0.229248 20.270512
0.733751 19.470470
3.432261 24.690017
2.925823 23.282395
-3.341396 21.560303
2.647333 21.899243
-0.810161 23.023859
1.949023 21.040192
4.215236 28.661795
0.349448 22.956858
1.704653 25.904343
2.288397 24.403275
-0.368643 20.069989
0.850037 21.396531
-1.387164 26.551360
1.778404 22.000660
2.704082 28.829943
2.768984 25.637368
-1.856577 20.404438
-1.290984 25.513074
1.651699 22.658721
5.815830 21.095894
3.709225 24.507668
-0.708324 23.993193
4.591515 24.645343
1.096745 22.789218
-0.269224 25.742971
2.971312 25.403557
-2.506492 25.842709
3.505205 27.084911
2.662023 26.678907
-0.179851 22.944789
6.027049 29.450712
5.338481 25.050669
-2.519567 20.743262
0.583894 20.536761
2.757292 22.919592
3.632697 19.602811
4.468993 26.080331
-5.205887 23.465621
7.785097 21.519059
-2.018227 27.269938
2.438796 19.818552
5.762866 24.960749
1.537739 26.675460
-1.187964 24.525538
0.815090 20.329436
0.443286 23.740609
0.890868 22.418904
2.013115 20.355904
1.688275 25.444715
4.028664 18.297027
4.729562 23.473015
3.988142 21.536641
1.570231 22.187737
-1.670238 23.295271
-2.236635 20.422853
4.152637 23.188785
-2.016214 21.741947
4.594137 24.024734
3.525886 23.634999
0.998958 30.037832
2.728392 24.463074
2.630705 23.042649
0.433855 20.899063
1.064723 23.123621
-2.120166 25.518241
3.868279 20.628171
-0.151230 24.688267
0.569796 22.334448
-0.099850 27.024356
-1.148963 22.672908
3.050913 20.187869
-0.764121 22.048655
1.569842 27.169126
-2.722274 21.955848
-2.344141 20.708516
6.365216 20.969608
4.607779 28.909041
2.097990 29.734033
0.497632 21.895395
1.781966 28.861165
2.179199 23.080293
1.745238 24.260212
-5.256473 25.356466
-0.299006 22.204136
1.803790 26.257233
0.269717 21.299618
-0.585685 23.490145
0.183793 25.931134
3.494791 22.193509
-3.629244 27.759832
-0.046737 23.183540
-0.148349 14.758229
3.533059 20.589851
-1.307182 25.299374
3.157605 23.342587
0.462571 30.184520
4.595302 23.800631
1.186363 24.855431
-2.603370 22.266060
-4.946619 28.567092
3.969598 23.551259
4.224376 26.719533
3.232805 21.254982
1.000945 23.599966
-3.745377 23.863273
3.457729 22.411639
-4.284848 23.032620
-0.956723 18.813789
-2.638241 21.413587
-1.064066 22.795314
2.634218 19.987836
3.233329 20.737478
4.086669 24.220418
-0.594306 21.463991
-1.128707 19.083313
4.535668 23.489443
-2.232479 25.606937
1.002781 24.489462
-4.006275 25.245761
4.555250 23.969929
0.843909 21.646784
-1.591606 27.968602
3.701409 20.851779
8.269631 22.525342
5.363233 19.019420
-2.320205 21.871723
2.394662 23.756703
-2.377726 25.983005
0.344261 28.696888
-5.331836 20.966994
-2.698321 21.347053
5.811424 24.879169
0.698511 16.310019
0.352213 26.048369
-4.954122 21.381336
3.089642 24.471577
-3.902472 21.702959
-2.738008 21.124419
2.742307 23.973974
0.874511 21.694145
2.370245 23.258112
5.210798 23.953798
3.891676 17.230769
4.563097 25.200914
4.549986 21.416402
5.119980 21.247241
6.599263 17.428936
4.096467 22.865986
4.666142 22.380542
4.811606 19.322814
0.041252 23.393285
7.437582 18.170361
0.579390 21.942594
-0.591707 23.658189
3.001375 25.355770
1.651882 23.729976
2.588974 20.853089
0.479785 22.877177
1.880945 23.007028
-2.606197 22.973174
1.059695 28.425447
0.941341 23.490212
0.257363 21.427835
1.355814 27.628966
2.057172 14.930594
3.386975 22.637708
2.746924 24.758149
1.522837 27.151233
3.530446 23.011461
3.064186 27.134782
-1.426998 24.372635
5.070548 26.947067
1.133325 26.510464
1.306688 25.498926
-0.114574 21.683018
0.590492 24.920413
-2.126455 25.552812
0.270459 19.280602
-0.844974 24.477721
-0.404570 24.084792
-0.259580 27.000822
1.277468 23.617838
-1.714489 29.349880
0.807063 24.130718
1.083574 20.113780
2.291788 20.611718
4.631004 20.100222
2.845738 29.514003
1.808570 19.798395
1.385931 21.115145
-4.735066 24.613216
3.636392 24.166416
-2.636573 20.896653
-0.276748 22.594791
1.174818 22.044929
2.096682 21.982742
4.447303 24.748059
-0.108419 22.789475
1.254302 24.086175
1.876265 27.438064
0.198356 20.330723
2.585691 20.397125
-0.040540 22.788264
0.996066 19.506420
-0.438503 25.380990
-0.722861 20.576155
4.246752 25.344616
0.373563 23.227670
2.119245 18.292818
0.250255 25.008485
-2.059000 25.179351
3.321200 19.731530
2.152380 24.180049
-0.398092 20.710762
0.305713 22.543837
3.086706 22.381782
1.319173 27.249986
4.388823 31.078188
-5.000088 24.736328
0.881263 24.091185
0.000774 26.573984
2.261698 21.364092
2.441061 18.477107
1.584069 21.889944
-1.179912 18.960759
-2.622251 27.601843
-2.981528 24.057752
2.094648 25.378516
0.309777 27.559800
-2.365112 24.637482
6.464440 21.394653
3.285043 25.912578
2.961705 25.155275
3.703960 21.539849
0.922139 24.580066
1.083830 26.038686
1.611283 20.301451
-4.078607 25.831648
6.244114 19.799810
-0.524609 20.426031
0.885006 27.471852
2.197828 24.102357
-3.051230 24.505303
0.544293 23.079910
2.009349 22.610798
1.958369 20.388686
2.956236 26.513168
1.782670 20.753227
-0.386813 26.487402
-0.741887 17.088696
2.423272 25.207885
0.725703 26.918386
2.203603 25.829209
-1.025318 22.271184
-0.815393 26.906075
-2.097301 22.743817
2.394792 25.523981
-1.361534 22.643204
1.841414 22.891190
-3.770757 21.887091
5.719207 27.753398
6.381032 24.019138
1.441000 25.067100
-0.025597 23.540066
-0.249829 20.926984
-3.071667 21.276859
0.918752 17.464811
3.743686 22.668700
-3.250404 20.574632
-0.500027 26.095749
1.852040 20.850697
0.376040 23.282164
-0.780492 24.131907
5.816138 18.999999
0.550823 22.205971
3.957391 16.080795
9.085065 25.304085
2.914995 25.100647
-0.131803 26.963798
-0.277860 24.616750
2.065437 23.150015
7.894946 26.657695
-0.980309 16.001147
3.999068 23.059642
1.515452 15.604890
1.177291 22.626898
3.305110 22.625045
4.103978 21.969084
-1.121446 13.598525
0.054392 25.550882
-0.388730 26.040058
-2.409156 19.007409
4.498912 21.036657
3.428599 24.429155
0.690645 25.493315
6.387659 22.228992
-0.957476 18.730171
4.321172 22.926344
2.798590 22.878996
2.675262 19.600285
3.551123 26.241037
5.423763 26.761159
1.967357 20.301656
4.277169 26.060960
0.891121 25.646360
-1.894857 20.058308
3.928443 22.820558
0.378613 22.507173
-0.333004 23.221126
-0.764240 18.968127
-2.181877 26.865626
0.377013 21.904930
3.970685 26.304635
3.663544 22.034494
-0.934362 20.081475
0.806302 24.591598
-1.071006 25.801158
4.239194 26.520257
4.303978 25.734140
-2.001167 23.421088
1.389550 25.178088
3.091102 19.090988
6.025499 20.129828
0.864470 23.646808
1.665534 20.853190
-2.215597 22.086357
0.505891 23.743049
1.057673 24.487355
3.482042 19.540430
-1.204434 26.851352
2.930578 27.223369
-0.249452 26.441948
-1.954269 27.131319
0.802088 23.168543
1.429236 26.073940
4.593447 30.792654
-0.415589 19.567517
1.421135 23.374503
0.259743 25.664517
2.797713 21.761479
5.379207 24.149459
0.840122 17.845308
4.436011 27.217484
-1.122633 18.531698
2.285374 24.841181
-0.395895 24.245981
-2.917349 22.341327
2.114349 24.547515
0.149278 20.406423
-2.620323 24.787883
0.565639 20.568291
0.424561 21.387613
-3.452133 20.716081
-1.227641 24.728471
-1.376112 21.095538
1.795589 22.066229
1.020762 18.493568
-3.693924 27.779439
4.195495 23.302175
0.103842 23.111189
3.111843 23.788129
2.428885 18.830315
-0.466226 24.698603
-0.316484 28.076988
3.895386 25.595565
3.564471 21.254018
-0.120130 19.731861
1.362596 27.515818
-0.858143 18.983900
1.245909 19.941502
0.911035 22.631313
5.174835 23.912669
0.532930 19.285768
4.153518 18.776977
-1.545457 21.645306
3.443382 19.662055
2.180330 20.254626
3.033180 20.319584
0.498222 19.912245
1.473134 24.561413
1.021338 17.189432
2.255721 22.578434
-1.002408 25.617221
-0.435213 20.982986
-1.001948 21.523026
-0.251960 28.364975
0.619187 21.567888
3.969685 18.185576
-1.759729 20.151112
-3.022579 21.020784
-4.302462 19.703875
-0.078787 27.257379
1.372025 23.509587
4.077138 24.933414
0.808734 25.147107
-0.302208 21.840716
-6.425174 26.874108
1.189757 16.296698
1.664929 25.325516
1.835805 23.797902
-1.200963 21.263393
3.221918 19.658014
3.804898 19.958400
1.092396 23.313163
3.584287 23.761389
-1.338821 24.231144
-2.226454 22.263740
-3.192151 21.383538
3.848757 22.965423
0.492354 27.686883
3.471853 21.056167
1.237516 25.967199
-2.607501 24.070580
1.605439 25.831192
0.177931 21.107705
0.794615 16.839092
2.068558 19.207676
5.894853 22.193980
0.886055 25.115856
-4.523870 22.889764
3.813518 23.042115
4.285141 22.313047
-4.852775 25.444300
0.647358 19.709962
-0.312869 23.086008
0.613428 22.391174
-1.146191 26.088720
-0.808808 23.383156
-3.275217 21.740473
-0.116751 20.495845
3.375276 22.157762
1.766374 24.149002
1.739384 27.302025
2.889044 19.129537
-1.655506 25.064707
1.442358 17.914492
1.436494 26.660819
-4.317487 20.504213
-4.366546 21.854244
2.163979 26.119719
-0.972841 24.440918
0.572624 21.034378
-1.688467 22.902480
2.930132 25.368062
4.041978 20.878355
0.456859 23.242769
2.370115 20.068805
2.246347 25.435969
-0.940945 22.760711
5.468737 20.586212
0.861448 15.538370
2.466726 22.368427
4.353040 24.525496
0.255873 22.718645
1.736961 25.598452
6.263437 19.862003
0.081827 25.631805
-1.753619 26.665385
0.779345 23.008646
-0.802239 22.131998
-2.502065 21.759513
2.054189 26.045330
-2.775179 21.856156
-1.086737 24.375241
3.504234 17.537324
2.233030 24.935063
4.812703 17.990942
-1.118913 18.268146
0.583415 20.793800
0.483193 25.726744
1.031246 20.374627
0.178047 19.477079
-0.412610 23.303864
0.188319 19.530427
6.704272 26.004314
-3.877938 20.281640
1.683989 23.848173
-0.867542 21.286084
-4.140682 30.259226
-1.562097 19.923813
4.722903 26.253715
1.008934 21.352908
2.128078 18.882971
-1.295424 21.227068
1.602644 23.916928
3.956438 23.826315
2.299254 23.640151
-3.497835 28.061290
2.853217 26.996787
0.266376 23.071804
0.865005 25.542353
3.079841 22.996284
3.096607 18.204093
1.949863 21.786790
0.766249 23.877343
3.505332 23.399161
1.893525 27.453174
2.861882 22.724959
7.265821 21.504974
1.633408 23.189259
2.433062 25.922812
0.239484 20.728809
5.243794 23.482986
-1.840734 21.530058
1.568393 20.541616
3.092159 24.064998
1.060369 25.020561
-3.032661 20.304559
1.866123 23.419855
-2.248509 23.025679
-1.813352 21.637810
-0.552784 24.073594
-1.078837 22.050265
-2.489562 28.347706
-0.151434 21.585816
5.415641 19.986845
-3.000387 24.773332
-0.907771 22.530093
0.872215 21.263404
-2.694809 21.393875
2.679058 23.730060
2.272067 24.154670
6.494206 19.608469
7.537337 22.602062
3.095544 24.635039
0.693469 26.174484
-0.781987 23.969240
5.362402 27.378987
2.788203 23.994033
0.012615 21.623530
4.119354 14.302710
1.706411 23.515282
1.935453 23.605251
-1.655022 25.882601
4.093799 21.791388
1.314514 18.942079
5.082771 23.655464
-1.559208 22.809559
-0.341895 24.776171
-5.447325 23.470406
3.942439 26.653430
1.377634 22.434781
4.239318 25.974701
-0.278440 25.887316
0.304753 21.018417
2.151213 22.226088
0.460558 22.336747
0.524318 23.384721
-0.894279 22.096386
-1.478654 21.389167
5.316658 22.590531
2.113573 21.139998
0.101135 20.655342
5.109766 26.328528
0.143140 22.204203
-2.776894 24.350015
-1.190054 21.203224
0.410525 28.604507
4.509796 23.944002
-1.654160 23.180593
1.043500 27.143032
3.821849 22.668315
2.338412 17.065667
0.086081 22.381208
-0.094226 20.193660
2.904266 26.789468
4.963390 25.888824
0.364000 22.888098
0.931692 18.212087
1.214599 22.145818
1.748139 26.737368
4.758107 27.031005
-1.019786 20.471924
-2.249962 25.118492
1.013166 18.604340
-0.699457 21.778779
0.848379 22.213242
3.743688 28.017469
1.991980 25.289177
-2.058694 26.573855
5.054425 22.430423
4.467454 24.854063
3.933557 24.237676
-0.143434 22.033536
2.953307 24.693048
2.489931 24.632940
1.492312 18.155084
0.797296 23.309931
-3.163832 22.957807
4.333870 23.527820
1.199372 21.856818
-3.109088 20.977513
-0.651758 20.803881
1.458027 20.100815
1.634020 26.602474
-1.940169 27.754266
-0.109406 25.181473
2.441148 21.509951
-2.098974 26.845747
2.605354 17.952173
1.267185 25.208473
-1.001795 19.403667
5.573500 19.541038
5.585210 25.053760
1.340759 21.230579
1.452074 17.548670
1.324398 20.415572
3.061600 20.453450
1.373973 26.246850
-1.003793 16.121021
-4.692365 24.290720
2.809465 22.475735
4.322371 23.867336
2.086072 22.941920
1.726028 16.971382
-1.402243 25.354243
6.991500 23.279599
-5.022525 24.804930
-0.743363 18.802797
2.054178 19.643044
0.402144 17.885095
-0.111534 22.672162
3.044847 19.957373
0.612561 17.477537
1.572393 24.700554
2.228957 19.960660
-1.970815 22.851345
1.501161 17.979029
-0.059827 24.243805
-2.438284 22.700168
-2.495371 19.643480
-1.609173 24.574659
5.695515 18.356306
1.418226 28.848197
4.302960 24.449702
-0.130748 26.936386
-4.141722 26.162280
3.301946 28.569527
-1.431916 21.613076
-2.848799 21.083290
-4.111128 20.953517
-0.365563 23.304746
1.679495 24.701755
1.623441 25.152939
2.737550 24.600097
-0.091921 26.234075
4.012087 19.779251
0.628064 22.231787
-0.183743 20.768304
1.060965 22.605020
0.270871 25.861418
3.144279 24.818381
-1.382371 21.962968
1.760607 23.449421
-3.637965 27.580887
-1.050151 22.141171
6.632353 21.713437
0.987959 17.610943
-2.075934 22.785542
4.667825 23.302207
-0.600415 21.316394
3.940710 21.094005
1.477400 27.034293
3.495302 19.861514
-6.734246 19.239719
1.767759 22.735780
1.290570 18.821294
-0.673142 25.998470
3.779942 23.375977
-2.624282 21.187128
0.382737 23.939991
0.060246 20.162789
3.311589 21.909294
2.034498 26.682827
-2.471280 19.452975
0.988817 21.091981
-2.148672 20.809758
-3.087060 25.059464
-2.059984 25.118967
-0.416536 21.280291
-1.089347 21.301454
3.508181 22.280818
4.213841 18.543480
5.802208 20.472455
6.146909 19.756668
5.012926 21.754671
-0.157707 21.765795
1.873503 25.280047
4.746959 23.114076
0.505055 25.026517
1.288511 26.094878
6.498042 21.533693
-0.296575 21.646743
2.828346 21.246598
7.300103 20.740894
-1.251662 20.862989
4.053932 22.953186
-0.331949 25.299346
2.324245 20.612808
1.584924 22.619101
3.697964 22.512680
2.522621 20.826522
2.810310 22.749662
1.425566 24.145021
-0.839881 28.932109
-1.863522 22.019016
-1.364276 24.341041
-1.495992 23.027784
-0.346340 23.522098
-1.897941 28.469616
0.238621 26.338493
2.059294 24.046322
-2.953817 19.431001
5.076243 21.073302
3.262946 27.876860
-0.413457 18.324523
-1.195120 25.482482
0.206683 21.663874
0.169092 22.271347
4.634836 26.444441
-2.379656 23.228192
-1.655615 19.964804
-2.421679 27.912255
1.359535 29.140966
-2.012615 21.509502
6.116816 26.768547
1.810353 17.915812
-0.722754 22.278985
5.232228 25.056618
3.081364 21.315497
3.222808 22.634772
-1.656740 26.654505
0.347668 20.397572
2.390240 20.460633
5.406881 22.781297
-1.589131 20.786786
5.349117 23.598725
1.335363 25.280221
1.031258 26.490031
3.497329 25.820136
3.356909 21.973096
0.233788 24.594401
2.304458 25.220578
2.567139 24.272104
-1.608208 24.591902
2.345906 25.990667
-3.426017 23.376147
1.174705 20.637896
2.535586 19.224111
-0.065018 23.016414
5.612750 27.045563
-0.331699 21.893110
6.386548 24.821141
-0.937685 23.396536
1.998241 25.657533
4.003268 23.236877
0.664269 28.052764
3.024360 22.570775
5.509389 19.675750
4.244259 25.525416
-6.385746 21.684315
3.899296 24.672070
2.047410 20.928149
-1.056791 17.506465
0.070921 19.058761
2.204042 22.612869
-1.994141 21.527546
-0.021355 23.035115
4.391562 24.241117
-0.098537 28.693266
2.324890 19.298361
1.584911 20.039743
-4.563891 27.005515
-0.783103 22.519651
-3.041618 25.262152
-2.735634 20.450484
0.632017 22.260712
0.236725 19.569160
-0.962947 23.333812
-0.987053 25.235996
1.257923 27.106724
7.770497 24.649852
0.689815 25.013329
1.750152 28.503076
-1.376176 20.518406
-0.175327 28.856166
6.185990 22.999627
-3.661227 25.743206
1.325772 22.908804
2.221657 22.030482
3.784980 25.606857
-3.528600 24.932736
5.244629 25.333968
3.051496 22.415568
0.744964 23.135386
-1.977687 20.193148
9.016389 21.077736
0.619288 21.884265
3.510037 23.295682
-1.664970 24.256175
1.854830 23.958878
-0.446077 21.271903
-0.059404 21.785658
2.128080 23.722600
1.332369 24.116497
2.431583 26.786103
2.521487 27.383809
-1.002778 28.562784
4.100826 25.142300
-2.180834 29.247810
4.695198 20.914309
-1.322305 27.880314
3.812892 20.295482
0.045462 19.100956
2.683968 27.306327
3.247987 29.388780
-3.438821 23.460305
1.663389 23.557532
1.644185 24.846007
3.638191 24.020757
-1.776727 21.791118
-1.384185 23.688187
-0.619040 19.770778
1.551984 25.365505
-1.700649 26.765093
1.525178 23.432427
6.239807 21.330007
0.491649 27.026802
-2.612101 21.390758
1.514927 18.866210
1.734066 21.138714
0.761245 22.357308
-2.529278 18.488238
2.980018 23.412600
5.241879 26.861024
-2.051324 26.355363
-1.801050 21.280012
-1.575875 24.729908
4.427366 25.846622
3.897581 25.696883
3.367294 24.275683
-0.136440 23.143436
1.173722 26.276153
1.105858 22.972538
4.534570 21.795619
0.729743 21.317472
-1.413446 23.403582
1.045185 21.280010
4.196056 30.566658
0.883218 26.152848
2.351014 22.541795
3.152007 24.271171
2.475201 22.891818
0.259113 26.338614
-2.220458 21.303586
-3.566930 17.871044
6.093170 25.002113
-0.727730 24.641095
2.548973 28.388076
9.454596 28.329270
-0.025688 20.039820
-0.613607 14.717483
-0.810843 26.360451
3.831714 24.319610
-0.785565 22.232694
2.998489 25.867425
0.213200 24.562708
1.502918 24.386147
1.671516 18.456487
1.947830 24.181369
5.883286 21.070386
-1.862408 18.841642
3.592405 23.418471
2.724314 26.652940
-0.942327 21.941445
-0.339419 23.141943
1.033548 20.922455
4.272316 26.128367
0.547699 21.482611
-1.506363 26.987727
3.861690 22.268654
7.478821 20.835470
-0.072522 23.036728
1.134136 24.761029
-0.175653 18.129536
4.377071 20.057794
0.050991 20.096225
-3.823604 23.684921
4.904717 22.481671
3.151859 27.206453
-0.345461 26.798962
3.347028 17.442919
-0.467451 19.601480
-0.198429 25.408127
3.860661 23.228566
-1.093856 22.498532
-5.471233 22.815795
-0.984487 18.503881
2.175366 22.441015
-2.642305 23.788248
1.341059 21.996074
0.639954 24.450913
2.184906 26.734162
-0.467584 27.353825
0.517624 23.419965
3.417525 22.603552
-0.824100 24.281949
-0.732507 20.094545
-1.190296 24.389401
2.501646 19.112801
-3.869651 22.915445
-2.353493 18.268487
-3.574685 23.430827
2.193752 20.926207
-0.784573 25.589058
2.702191 22.503037
7.849257 23.648737
1.982376 20.667555
-1.228991 23.028617
4.848743 24.119037
6.229115 26.082053
1.823869 24.325283
-0.486295 23.405565
1.591252 21.489047
-2.170322 19.497104
-2.647484 22.139631
-2.101692 22.811749
-2.157014 18.612676
-0.266500 27.932069
-2.600204 22.368910
5.190922 23.904588
2.647915 20.644319
3.766801 20.398080
1.240844 20.373625
5.344351 21.489604
0.014142 20.834973
5.671148 19.785721
23.682021 24.940069
27.621459 18.614518
27.771620 20.700277
22.860708 20.896407
25.095226 18.550551
24.060411 16.936635
26.802336 18.119217
24.266229 21.089311
26.526914 21.142710
22.954220 22.647485
24.182199 19.107881
25.418282 22.949588
25.729345 20.837664
23.678011 24.359569
26.089635 23.338326
22.402413 22.210964
23.628504 23.560540
23.583229 20.249375
22.276250 22.685092
23.945723 22.718205
21.786510 24.499432
21.650495 18.810213
24.232363 22.706376
22.144139 20.353207
22.721426 17.449781
25.055802 22.126681
23.676699 20.882004
25.236150 20.766545
21.187967 18.326942
23.113540 21.454632
25.755178 23.424164
24.337490 17.147659
22.174442 20.191891
22.456423 18.238858
24.584110 19.161910
22.941239 21.426377
24.588027 18.104244
25.930300 23.569798
24.354340 20.643326
27.211084 18.324039
17.732032 18.605820
24.490235 19.323007
24.727343 19.603017
22.462764 22.926028
23.089051 20.083937
22.994980 18.382351
25.985748 19.639473
23.677631 20.614741
27.351492 19.923176
26.593760 21.681817
24.608711 20.585268
24.296515 21.858973
22.897831 17.915360
25.850855 21.350291
25.387936 18.856689
23.929606 20.758735
23.619694 24.199569
24.968506 18.452175
23.711590 18.043389
22.246798 20.635096
20.717546 21.340401
29.448142 22.011343
23.306370 21.707763
26.334204 21.818792
24.198250 19.923515
24.628088 21.034140
22.937598 22.669338
23.113819 23.030545
22.504076 21.933211
24.136097 19.467712
21.715834 19.926171
25.425878 21.571949
25.193851 19.784326
22.389255 27.455466
22.039027 19.254979
22.259827 20.789952
24.551891 16.831983
26.985676 20.430741
25.014765 20.205158
26.708987 18.249323
22.152478 22.218575
22.398740 20.507291
26.947211 20.698275
25.439074 22.297852
29.340220 21.401202
22.580972 20.148158
24.709771 20.842545
22.463447 24.361623
25.883276 22.026647
26.466881 21.299306
23.962095 17.625663
24.482859 19.018694
20.968557 18.931370
23.672158 21.132317
25.522774 17.773153
23.336989 17.269551
23.234553 21.764177
23.760906 21.865323
26.328504 18.379977
25.754300 18.752746
23.130933 20.715675
25.362310 17.538116
24.883477 20.006262
25.515712 18.669157
23.217457 19.750426
24.895057 21.606210
27.708689 17.714535
23.961508 20.653123
23.763626 19.197653
25.043935 22.220865
23.787538 19.465084
23.752604 19.943015
23.907186 21.727719
22.519610 18.868131
22.760226 20.437683
24.511794 22.819282
27.001579 21.311902
23.468869 22.968644
26.817630 20.630576
24.964054 23.429463
23.553560 19.786338
26.420292 21.804363
25.009226 21.409599
26.819665 20.938794
23.951913 22.003588
28.795323 20.438216
20.403462 24.784847
24.724292 22.388551
21.426300 23.287619
24.176635 17.185172
23.216498 18.242057
21.752466 22.555476
24.358721 19.433698
23.402219 20.205878
27.558785 20.814342
22.993823 21.297964
28.179880 18.294570
24.589703 25.580232
20.484468 21.195946
24.539578 22.733772
22.257589 22.149239
23.969284 20.370346
24.873511 16.625718
23.294862 20.864225
22.577627 23.227454
21.841647 20.897835
22.666037 21.973487
23.685258 16.429579
22.049946 21.556053
26.432577 18.823311
24.062023 18.633906
22.070113 22.662805
22.600915 22.085251
23.331880 20.785734
23.130318 22.075238
26.892655 20.158609
22.730750 26.195091
23.035509 22.517493
25.768366 24.849638
23.128097 19.420723
28.642998 17.760427
22.545871 21.227787
24.976143 20.973167
25.260220 22.323997
22.410133 19.266734
20.016812 21.526336
26.238482 23.297782
24.329745 23.812977
23.098788 19.965351
23.133615 17.233193
23.619804 19.870998
26.366485 20.490535
28.517220 21.399192
23.318897 20.276699
26.363437 19.585608
24.672203 17.944063
25.192631 18.810533
25.074135 24.359695
21.407257 20.919893
20.445914 20.707500
20.768671 22.925586
25.646259 21.636152
23.905143 20.512779
23.577500 21.350921
26.091564 19.226113
23.323713 15.919180
25.609463 23.512306
26.383221 17.990653
22.234569 18.475126
24.728923 17.792774
24.127120 18.340925
24.082859 21.365606
24.075099 21.500819
21.947755 19.612746
24.713022 20.233963
24.637854 20.991613
21.008015 20.803947
25.722395 19.189143
25.947579 17.349748
22.657131 19.008520
28.685814 23.624157
24.564527 22.553847
17.888290 20.020336
24.718470 22.026524
24.422642 19.928597
23.820513 18.769696
24.633942 21.839275
23.035758 22.009834
26.719317 17.750346
25.000589 22.942185
23.106542 20.797665
22.363815 22.709182
26.467534 17.891848
24.305897 21.696989
19.574319 23.316660
22.770597 17.659741
23.956441 21.708194
23.258796 18.150765
21.579926 21.825608
25.721155 21.110839
24.708496 26.512590
23.911514 17.621557
24.064878 22.817587
21.054758 22.136567
19.389363 21.514638
21.410791 23.795815
23.794832 19.594919
23.580802 23.316062
21.662962 18.146433
24.568216 17.297095
20.883333 20.818050
20.815104 20.411890
24.326526 17.795799
20.306406 23.737528
23.178797 19.944349
24.997871 17.691814
22.173519 21.815403
21.456259 22.439441
26.540996 19.773783
24.343966 21.725416
24.195411 19.068126
22.534928 21.084556
21.860788 24.728939
27.104852 18.892527
23.888679 21.258433
25.787738 20.617448
24.757389 18.777587
25.811937 16.980359
24.409263 23.389211
21.737976 17.257063
25.256041 23.517596
26.503534 22.229869
24.034668 20.003627
23.325105 19.812272
25.217919 24.571168
23.283254 21.031990
24.050544 17.097956
24.139351 19.462071
26.254428 20.243524
21.448172 22.396613
28.160429 20.442424
24.755168 23.788956
22.553078 20.900413
21.205413 17.307408
29.232087 20.318775
25.341630 20.046562
20.250430 16.367857
26.633732 17.615682
23.904745 23.693852
24.799812 21.602552
24.640823 23.001386
22.742799 20.478062
22.454361 21.225028
25.381667 21.152172
24.088250 21.207619
25.856821 23.657500
27.051207 17.867511
22.049262 20.647348
25.511934 19.976811
24.209521 20.641908
27.940893 23.331691
26.486939 20.016268
22.116717 22.857121
21.115040 18.467319
24.295153 19.825212
28.169510 22.688122
17.553327 23.339591
23.096188 25.361658
23.809901 22.390052
24.396164 19.898532
23.124315 21.140047
26.592274 19.905323
24.062758 19.033112
25.764704 21.106216
25.360204 23.881765
22.458759 20.476478
24.541223 22.239862
23.440693 17.861406
24.734210 20.813038
22.694446 19.861518
24.271958 22.192542
24.350818 20.989008
24.799562 17.750299
25.609531 22.695508
23.016567 23.046011
28.178623 20.335567
28.715385 20.498275
23.762093 22.893444
23.549876 23.447895
23.851047 21.373578
22.937312 23.086089
23.575734 18.828032
25.119394 19.786024
22.576919 20.945733
25.478598 17.939998
25.597065 19.751138
23.874552 21.532225
25.162184 23.626773
22.206853 24.142240
24.697334 22.146680
22.829067 19.398829
23.886296 16.959309
27.975331 21.701602
22.739268 21.269283
24.015523 20.716766
23.582040 24.513892
22.202675 23.254657
24.112493 20.820769
21.156928 18.215929
21.286236 20.033302
21.241895 20.974216
26.303682 19.378511
21.803231 21.413202
24.135262 24.037681
21.930343 17.457358
18.035626 21.379940
24.291971 18.031601
23.499108 21.336830
25.619236 21.192503
26.162684 19.471071
23.216538 19.256638
19.323021 19.779026
25.319880 24.056235
24.995857 20.651747
21.870312 20.689024
22.355486 22.778764
20.371339 17.851036
22.840588 21.523223
21.064829 19.950652
22.442353 17.030937
21.742925 22.950683
26.838382 22.809900
24.623335 19.816706
23.339877 23.220310
24.910628 22.300410
26.246911 20.264303
18.887074 21.573893
22.651988 22.537523
19.915356 20.183071
24.313180 19.224212
24.761497 21.839079
21.933783 25.242897
24.461059 24.487718
25.324868 22.409227
24.115212 19.498793
22.959840 23.603673
28.281355 20.207099
23.292755 20.882940
25.793738 19.568578
27.920985 20.136106
26.563281 18.198420
25.906537 21.076519
25.614133 24.717559
22.808786 20.292250
25.286094 25.194860
23.155528 18.601602
26.254452 21.322011
24.450466 20.587243
21.917393 21.017963
21.169847 16.573429
22.979764 21.710516
22.207696 23.131949
25.293349 23.976197
23.325512 23.485794
25.503944 20.706220
24.401340 16.335850
24.144627 18.855647
25.504083 21.035445
25.144534 22.836647
29.009045 20.380479
23.852825 18.196706
24.854749 16.610025
26.726260 18.988162
22.713890 19.105131
25.563443 20.242282
26.389195 22.609544
26.762663 20.162483
19.814705 22.537618
22.746076 23.374526
19.645467 21.725959
24.271274 18.373294
27.557676 23.402446
24.021411 20.523813
23.570313 25.198907
22.393098 26.814696
22.019430 18.621787
25.850829 18.539252
26.525879 23.335324
20.564847 20.049404
24.817703 25.545787
23.237379 20.938522
24.177127 20.604070
25.021270 20.781261
21.922037 23.692175
24.525496 19.932443
26.425131 23.244590
23.618206 24.990427
23.014898 21.474287
23.224647 17.732954
25.101584 22.239511
24.836294 22.694404
23.946480 18.826512
24.472593 23.363169
23.305505 22.593705
24.749933 21.701621
24.623417 19.698708
23.133850 21.212189
24.532954 19.348363
19.554795 21.806425
22.990922 20.870643
25.814054 21.683555
21.227595 16.952979
23.582428 22.212838
22.569756 19.163543
22.805982 23.812425
24.547943 21.675322
23.780874 24.515358
23.792626 24.026977
24.942844 18.669621
26.735626 18.691286
22.425236 16.317799
26.749839 23.624069
26.350097 20.194329
21.103669 20.044440
26.142131 19.554214
24.048866 18.340255
23.168873 19.921118
24.375948 21.142915
26.613027 20.922783
23.878588 18.891680
27.607674 18.928458
20.858036 20.638035
26.315893 18.968744
19.280537 18.882394
21.193660 21.385996
24.631333 18.894645
23.924100 20.053610
22.253427 17.244449
20.552152 18.013193
23.861268 24.657904
23.698011 21.306715
21.166504 20.607828
25.744550 24.785819
24.687183 20.286415
24.543991 20.705853
20.876356 24.526303
26.117190 24.664876
29.631986 19.535998
23.830283 20.578130
25.930421 21.117838
24.907952 24.576967
23.191282 23.351175
21.210954 21.799541
25.336241 24.308884
24.078449 18.145542
25.091220 19.963511
25.546191 21.418193
22.503359 19.727367
20.705050 23.317663
28.186319 21.834043
21.392285 22.169100
23.808905 17.772803
27.385455 20.317106
23.284616 25.424276
25.489319 20.636343
23.852923 17.690663
25.901141 19.978104
23.338135 21.249146
25.280301 20.785229
25.391895 20.958589
23.466650 22.075726
21.141980 15.656229
21.233922 25.415499
24.030509 23.550714
25.479421 18.061373
24.299848 21.291039
23.260910 20.392023
24.399205 22.611931
24.147003 17.736158
24.360353 22.514507
23.944768 20.705887
23.423493 18.479986
25.082432 17.416420
23.975844 22.508840
22.579316 18.137931
23.687815 22.485240
23.416850 22.808069
25.753475 22.156880
19.274346 20.569734
23.161251 18.184921
26.695198 17.090168
21.974357 21.206172
25.912092 22.417867
23.590891 22.847463
20.456875 21.652904
24.060270 23.105639
19.798273 21.955024
22.949053 20.672116
24.500024 17.620643
22.803080 18.814137
26.842528 15.510810
20.446840 23.747794
22.210191 19.650572
25.109825 19.925685
24.167864 21.445201
26.593635 18.122336
23.360312 18.781161
24.536168 24.280589
23.232431 22.874347
24.976513 19.504699
23.320385 20.839752
26.735042 18.081110
25.316350 20.465711
24.369212 19.451174
23.526811 20.713552
21.707321 23.390584
23.759972 19.222164
21.234705 19.016781
23.866276 26.484538
25.858119 17.919295
21.588736 18.156375
19.045354 21.796089
23.522619 23.486715
23.195242 23.009354
26.227541 18.688102
23.795667 20.792542
22.536372 21.393634
23.748812 20.470124
20.145375 24.393328
22.458082 22.335573
24.503478 19.757859
24.136275 21.366438
26.297919 19.301875
24.357433 19.542853
22.082444 23.977217
24.547396 18.467352
26.336049 19.603225
22.455634 19.508891
26.750365 19.337239
22.253289 17.832652
21.282828 20.973155
25.832462 22.002307
23.800265 22.767605
26.976117 20.013085
25.594354 16.921578
21.896934 14.357509
23.204056 21.404343
24.856843 22.747629
23.551514 19.169404
24.984880 19.452176
22.964163 20.056501
22.797003 18.600783
23.527239 20.593167
23.911450 20.880510
24.483472 18.143145
23.866769 24.327714
23.457391 17.570333
21.885809 17.209103
24.923364 23.181006
24.050637 23.422242
23.974382 18.805025
25.494241 21.249435
25.402143 20.553436
24.257687 21.520923
22.402604 23.937955
25.605659 20.407429
24.543839 18.972591
25.707454 20.802717
25.026069 17.123233
24.851069 20.844892
27.423307 24.520931
23.301442 23.362792
22.750016 14.964086
25.216029 21.185159
25.152642 21.037762
26.097174 19.563655
25.609018 20.942688
22.670853 20.521094
23.798940 22.134590
23.984884 21.198142
24.221210 17.795189
26.212635 21.675639
23.030654 19.299245
27.112591 19.819664
24.937661 20.829274
22.524001 20.756237
22.617985 21.024210
21.632803 23.007693
23.560579 22.374770
23.323700 21.406568
26.951602 21.177022
21.809549 22.400208
24.986807 23.762157
25.689393 21.552490
25.846647 24.468037
23.888325 17.429756
27.515814 22.122691
26.979539 18.538642
21.912234 21.142022
22.509784 22.727162
25.587118 24.098016
24.213395 22.224670
22.754598 20.574705
24.164939 22.107187
28.065745 20.603475
22.114501 20.185013
25.004422 21.087649
21.162208 16.311354
23.231692 20.239377
23.674125 20.054920
22.766169 18.391889
23.996957 20.007440
22.460709 19.621827
20.631479 19.011177
23.204601 20.013767
21.909254 21.362878
27.376275 17.710907
26.135299 18.305812
23.970704 19.888615
25.012964 20.351322
23.779219 22.336474
23.405215 22.860895
23.691938 21.317148
22.618397 21.131664
22.095344 24.298036
18.958144 19.207910
20.309707 21.007556
21.964495 25.725102
23.647484 22.883565
24.289921 27.195593
25.479489 20.616910
23.845055 21.390412
23.201810 20.686013
26.153480 27.952918
25.051515 23.488788
21.121656 25.511753
26.799978 22.320689
25.043594 20.150040
20.403002 17.413709
25.446805 19.902150
26.502331 21.364731
22.403205 23.335325
23.174842 17.944309
27.640023 22.781261
21.917824 20.255965
22.664088 18.496208
21.615967 18.944485
25.207427 20.006954
22.020092 21.544461
22.366256 21.624359
20.770271 23.695467
20.058320 22.221091
24.580601 20.435456
27.626709 24.073899
26.126492 23.237400
24.430956 18.468145
22.523692 23.696864
23.909897 22.268121
21.565230 21.343263
22.180731 23.398106
26.082859 18.779488
27.664637 19.554142
25.047929 23.932062
22.272437 23.065761
19.793891 17.872186
22.037884 23.073281
24.262614 21.371871
26.910295 21.693866
25.555264 21.845879
25.379839 23.147706
22.342399 19.344936
25.854687 19.483964
25.570779 22.358418
23.552471 21.487053
18.926808 22.253112
25.963119 21.768774
26.468342 25.205981
26.005232 18.676513
27.018947 19.925893
23.399447 19.837569
20.867450 22.119080
22.701539 15.919496
23.906959 17.007056
26.501324 19.699862
24.800131 18.554108
21.497651 18.536882
22.162428 26.043050
22.400946 18.723780
23.161546 22.435155
24.829155 20.217585
25.688056 20.880384
24.570345 19.999404
24.252753 18.573755
19.085292 21.442545
23.885925 21.353561
20.848208 23.853205
25.249670 21.756322
24.683844 19.955695
25.085937 22.236679
25.209219 18.760427
23.179127 23.052940
23.428370 20.426266
23.466553 20.900390
23.330504 19.695137
25.711309 22.849757
23.575365 21.637883
20.081092 23.996460
24.722931 22.601977
22.648587 17.950379
26.378762 21.236938
24.067667 22.591950
24.322956 22.698409
24.766139 19.913684
22.290423 24.270252
21.961692 23.529536
24.073270 25.534291
22.695438 21.184617
24.034482 21.122429
25.183071 18.007257
26.084129 21.295232
23.551840 22.680081
22.330215 20.514090
22.534767 22.989710
24.297602 19.374580
22.034068 23.423872
24.368440 18.697855
22.029908 18.968720
21.915138 21.651274
19.327324 22.905471
25.731804 23.019448
27.398377 17.071930
22.378054 19.177750
23.680270 20.227835
23.702481 18.584413
24.697596 19.329109
23.084053 20.583093
24.374469 20.899710
26.730748 21.760898
25.558191 19.477826
19.225104 23.308119
19.360872 24.745990
21.920914 20.418076
22.736676 20.490782
24.662280 20.483678
20.720999 22.336900
25.400539 24.531165
25.491733 22.644804
20.081834 18.330099
28.268143 17.442401
26.026196 16.062632
25.587818 20.740661
25.903116 21.058877
23.385194 20.643252
24.016456 24.790463
26.354322 21.076702
23.213863 23.047966
23.602981 17.892715
22.220206 22.719517
24.693546 22.972856
21.302833 19.304613
22.321051 23.528338
24.287372 18.768450
24.668314 22.423362
25.822719 19.827185
26.381268 21.568268
26.931741 20.760294
23.204145 18.813064
23.465888 21.197939
25.299667 15.831443
27.577555 22.898569
21.521455 21.665686
24.958062 22.431341
27.251736 21.013193
22.267825 17.684771
25.827705 20.632436
28.656975 18.003965
25.233368 20.491385
24.413192 21.063036
24.073102 20.377740
26.771813 21.538546
22.468166 17.081265
23.967277 27.011031
24.563390 22.465939
22.866104 21.327116
22.631366 19.871904
25.012062 21.279527
21.648740 20.901396
25.270502 20.476330
23.293429 20.765789
27.545688 19.757873
21.546255 18.053406
30.021388 21.744652
23.404017 21.338895
23.817118 20.409684
25.700909 21.236951
22.756543 21.509841
23.655133 23.706985
24.514374 21.443204
28.050487 20.742531
27.293345 26.152166
21.962351 18.668445
21.703729 22.368368
26.759240 17.462568
27.888514 23.857531
22.210289 21.043703
21.357212 18.520218
21.285412 22.372745
29.410578 21.862795
22.640785 20.143147
25.510117 21.965207
23.436249 21.109964
23.219230 18.498586
23.292371 18.622096
24.484264 21.606684
18.987014 20.078001
23.355032 22.535257
24.133942 20.364401
25.907562 22.116667
22.586616 23.399073
25.491339 18.575491
25.889511 19.308012
27.754068 22.865773
19.539705 20.032264
20.697828 17.153112
23.124654 21.058987
21.871366 23.147851
21.267024 21.600155
23.865988 20.092341
24.574560 23.726484
21.570544 17.385994
24.347745 22.104388
23.457301 19.120469
23.802555 22.403044
23.476820 19.726505
26.404216 23.057957
23.777628 20.866656
23.940979 20.658660
25.481774 21.568873
21.119251 20.834680
24.811657 19.273412
23.037562 24.201909
27.791689 22.021093
20.941031 20.978578
22.410489 22.962629
26.216099 20.136467
24.465346 20.561572
20.405897 23.297582
24.109235 22.390122
27.007084 22.400308
26.734321 23.489778
22.333526 19.245638
23.439735 18.510298
24.323804 19.453947
24.575206 19.811098
24.072539 21.421273
21.617078 21.387875
21.473437 21.932875
22.547151 21.632558
23.780305 21.831457
25.626394 19.370380
22.345618 21.312244
26.416600 21.099239
26.320006 20.691621
24.078351 19.711174
24.624922 20.724760
23.550167 21.923257
22.742471 18.473716
20.495169 20.251279
26.333293 21.957404
24.991513 19.710116
20.767629 18.448613
24.012703 21.807048
25.250064 20.931979
22.263847 21.594716
22.360691 20.491898
24.362531 20.309691
21.785446 26.176274
20.740281 23.757886
21.923154 21.689829
22.564412 23.455065
24.037672 17.807923
24.483034 23.823987
27.975109 22.665060
22.665889 22.222165
22.011610 21.867084
25.199688 19.948664
24.583794 21.260851
21.672654 20.180692
24.368174 21.032408
24.800053 19.757792
22.842912 21.646352
22.005831 18.268946
24.534920 20.650485
23.682711 17.811531
26.390527 22.552278
21.856366 20.839302
23.519559 21.909135
20.544126 22.018243
25.275252 23.403335
25.068375 17.881314
24.747419 21.501567
22.093631 21.200803
26.719491 18.009526
24.686207 21.550643
23.819916 24.162138
19.327748 18.188387
21.860354 20.201158
22.120732 22.097709
22.805193 26.115676
25.973891 22.023542
26.272839 21.765049
24.361091 16.548239
21.821641 23.114010
24.636146 25.012490
23.895987 24.883045
24.720192 18.854383
24.411371 23.995496
24.879027 21.673919
25.285871 20.529018
27.272356 18.192049
25.672555 20.872404
24.127385 21.730657
25.708685 24.539768
25.249787 18.172696
23.553333 18.012789
19.688462 21.254647
23.980108 19.373909
25.340849 21.254357
24.664627 18.314523
23.167330 19.839586
25.375729 19.050204
20.475417 22.274450
25.289559 18.390292
23.486601 23.188135
26.036519 19.898876
26.239940 20.263610
25.941381 22.226866
22.397873 20.167148
25.710620 23.895331
25.052898 19.984697
23.737062 21.736114
25.712144 20.418481
24.591907 23.117889
18.608047 20.805317
22.180615 19.737790
24.591359 21.995870
22.806996 21.930837
23.530144 17.831660
28.680851 18.881889
23.812398 22.160089
23.717629 19.281341
25.385326 16.988559
23.705370 18.430662
23.520857 20.953632
21.982287 19.957297
20.984537 20.895242
22.814344 20.651907
24.325835 23.743538
27.631920 22.580746
24.259768 22.685331
24.333976 19.126440
25.354001 18.649438
21.914503 19.204303
29.704065 20.512808
25.635286 22.228700
21.404909 18.737397
29.196522 21.894234
25.214120 21.349913
26.607468 20.866197
25.561487 21.745111
26.397616 20.590899
21.667862 24.878662
24.219330 21.168514
23.005380 22.640247
27.751065 22.775829
24.244250 19.980756
22.970220 19.395745
27.307361 23.480271
22.311290 17.229356
25.285599 23.144695
25.856429 19.500960
25.556976 17.970908
19.891321 20.229387
26.594940 19.453799
26.803312 18.707184
24.716630 20.170646
23.428206 22.159243
25.582631 17.739478
20.227332 24.309145
27.095291 20.883237
23.594534 23.227247
22.564575 20.441585
27.005385 20.507358
21.647929 21.029373
22.323845 17.393276
23.504312 20.486054
24.164045 22.552435
24.430834 22.653612
24.494802 20.111950
20.586184 22.512145
21.744051 22.200997
24.549693 23.246467
21.324428 18.574231
21.277032 19.383893
25.088687 20.614575
27.034309 21.149095
22.110811 23.826691
26.080899 21.698915
28.694454 21.042481
27.768839 19.336842
24.749012 20.444169
23.629695 21.259145
19.546575 21.476924
27.436787 20.631840
25.725105 19.442173
25.422282 21.798814
21.885343 21.602788
25.061012 22.599712
20.973390 24.247736
27.366471 19.585299
25.758726 19.168222
24.132630 23.260632
22.502227 21.657473
21.159656 22.960534
24.464538 25.920727
25.753613 21.420123
26.974102 19.138685
21.341923 21.559880
25.061843 21.306332
23.552194 21.576748
19.253301 19.184869
23.060811 19.727972
24.043243 19.733659
18.490955 21.132623
23.405495 21.055767
25.480231 20.063829
27.701764 19.865397
23.059001 23.928963
24.418402 22.608531
24.548528 18.152133
21.173952 19.065917
24.451868 23.383810
21.878993 22.803971
25.471271 16.642076
23.948905 22.582944
24.828602 21.991315
24.818112 23.928185
22.018150 22.735027
26.899189 18.204981
24.837367 19.205642
26.569306 21.979415
26.116416 22.228241
22.987967 22.100933
23.801447 21.174407
28.087325 17.277223
21.544837 19.895641
20.060372 20.651067
25.716260 18.577827
21.702766 23.067981
23.680534 20.816021
25.722380 21.684403
22.280018 18.896063
23.545492 21.349667
24.563193 20.697203
26.749861 17.857742
21.885588 21.547844
26.395016 20.393493
22.396895 22.213304
25.302889 20.007924
25.027237 18.874065
24.383403 19.346678
23.444642 22.052735
24.246023 20.917934
24.721980 20.688699
22.108139 23.285235
24.181249 22.009206
28.260723 17.400578
24.809518 15.443900
22.030217 19.546145
22.995248 20.061388
25.197246 23.634907
24.441035 18.430631
22.713302 21.752556
24.225426 21.851081
24.231856 20.725579
25.281922 24.556744
24.306623 19.842145
23.838913 23.448544
27.149445 20.256314
23.005700 20.777274
22.430112 18.234662
21.729253 18.976697
22.851698 19.389061
21.134023 23.496581
24.656585 22.557547
21.160789 24.573169
21.729383 22.417802
22.754396 20.401984
21.253207 21.948231
25.746598 25.736659
23.917724 22.417939
26.325339 19.106481
25.198318 21.266415
22.500973 24.724197
24.536749 21.205716
22.223176 18.550562
18.755819 23.911245
22.584133 20.998209
24.016927 23.564127
21.511944 21.365887
25.926169 20.363937
26.027127 20.800630
22.251960 17.877097
22.926087 17.438449
26.085609 19.173637
27.352393 25.609952
21.480267 19.712191
24.091190 17.044835
25.445128 20.626585
22.610656 23.321658
19.941773 20.741746
22.862386 21.141227
24.503956 18.192834
27.769202 16.364695
23.138159 18.683448
23.827904 18.304903
24.670745 21.202853
19.268662 22.330154
23.940184 17.775449
26.598009 22.431611
24.131249 21.318075
23.018535 21.207742
25.639881 18.368586
25.329575 19.280837
25.381835 20.332658
23.367063 22.419417
28.597897 21.548469
23.565667 19.017217
25.719517 24.499610
24.035475 21.816764
23.127721 19.482393
20.648794 21.717054
22.782543 24.784968
26.410111 22.302220
25.169567 20.356051
23.578285 19.524774
22.401411 18.717113
24.977451 24.884010
24.050963 22.676270
22.746112 19.437534
19.839679 21.714199
22.169355 17.723372
24.744676 20.594688
20.320824 21.894723
21.761131 20.862239
26.078867 19.327569
24.336092 20.018512
26.249916 21.781050
23.664235 18.011521
23.954869 20.290395
26.775223 15.750481
22.581136 20.581695
23.789973 23.988588
24.231715 23.088568
26.028138 25.214640
20.525931 19.240363
23.364845 19.596938
23.536518 22.175914
27.003293 22.314251
21.781719 21.149693
25.539158 22.375529
24.599546 24.206250
23.362274 21.070208
24.336023 21.882670
23.364538 19.775823
23.141304 16.313761
25.920004 16.844192
21.450843 22.709611
23.351589 21.373461
23.237842 21.283371
23.769271 22.874982
17.080599 21.028685
18.882947 21.446999
22.189731 19.672676
20.822746 21.155581
27.090642 21.765280
25.251529 21.283186
27.246823 17.137591
19.740224 22.420498
21.936832 24.048142
24.883968 19.548470
21.204794 17.206036
23.346260 18.846165
24.285227 22.915724
25.209427 22.278570
24.804809 20.940380
18.655248 22.602530
20.690858 21.925953
24.253351 20.331012
25.201726 20.815240
23.435831 24.696987
22.621328 20.412554
24.999387 19.619258
22.905247 23.161351
22.529400 20.678696
21.973846 20.698563
26.139331 20.749888
25.144717 21.147891
24.897893 17.421821
19.145773 19.674008
22.191300 20.822013
26.545221 23.760274
26.858489 21.773645
21.073527 20.699830
28.188727 19.615931
22.730829 18.448843
23.329074 20.757203
26.672537 19.420885
21.637433 18.089239
26.561782 23.326110
23.424051 23.467734
25.581361 19.552125
24.391395 20.580119
24.331046 17.344550
24.547579 15.951439
21.725688 22.876333
24.962834 23.716644
25.660861 20.527135
20.367842 24.893161
25.847165 24.305413
25.487390 18.490832
21.903511 19.574307
24.828269 20.997661
24.283246 22.247389
24.322157 19.745835
22.458074 19.596939
23.729721 21.886957
23.577410 20.807661
26.016120 21.586907
22.197024 18.454749
24.747326 20.831965
25.748227 21.870451
26.565456 20.148260
25.200171 20.528123
22.637962 22.126948
25.530796 26.615343
23.591565 19.052390
25.098974 22.419374
26.620326 22.435470
25.045459 21.096766
23.231917 18.873505
26.684342 22.782063
22.011766 19.866243
24.362731 17.486606
24.376218 20.495094
24.201967 22.431851
20.497852 20.712131
23.430434 22.112502
26.534791 21.884877
25.372309 20.022454
22.457325 22.362208
24.151312 21.846797
27.374411 21.773932
22.155954 24.092197
25.407717 22.189268
25.014136 20.918773
25.215760 20.268369
24.281304 19.268385
23.535950 23.210012
27.759884 22.332507
24.818420 21.802367
24.867106 18.318542
26.647804 17.625712
23.470564 21.799595
24.267376 20.043427
21.313175 22.888184
21.310668 20.372372
22.119010 18.926634
21.653581 19.329012
23.210377 20.020144
21.827334 20.390124
24.807554 24.381119
23.243935 22.118811
23.268252 21.613252
22.270464 18.874718
25.833790 20.960237
26.289354 22.295419
24.063358 20.893660
23.980495 18.788435
21.952167 23.479661
23.263120 23.192286
24.374441 17.917209
23.856726 25.449000
27.386673 19.988925
22.467153 19.851714
23.883506 20.868316
23.095549 21.856466
24.115383 22.399794
24.025853 20.965130
26.557816 20.990838
26.600597 20.774814
23.668942 23.603605
21.226741 19.852324
24.306518 20.498586
21.161912 19.441585
19.782517 21.524703
23.998786 20.151649
24.662657 19.282456
24.787067 20.233187
25.640372 24.407726
24.301969 20.304853
24.399569 21.948539
22.390467 25.246722
26.629074 20.484257
27.407380 20.420511
25.060047 23.228023
22.754726 16.338078
24.746045 22.066447
20.081578 24.108888
21.951963 21.666264
22.811605 20.593249
21.843462 22.558126
23.250843 19.096357
22.596970 19.646849
25.946805 25.215432
28.068916 19.485007
28.165169 22.062326
24.195125 21.582656
25.248678 22.543179
21.189355 20.838280
26.912529 18.580749
22.885968 16.555368
23.535123 18.045371
21.029511 21.908364
26.742528 21.702678
23.691624 19.358018
22.441887 19.297061
22.144733 21.253545
21.969693 21.604015
25.105340 21.927451
26.551864 16.526284
28.037789 24.438299
24.948442 19.990574
22.377424 19.851254
24.555624 20.846533
20.190171 20.373122
24.822706 20.323890
22.418313 20.095978
26.004390 20.907909
20.252845 21.559608
20.419525 24.568652
24.161115 18.464311
24.386418 18.024442
22.530469 22.892318
25.024078 22.400672
25.874560 19.828634
23.882813 22.168113
26.074638 22.046613
24.333434 16.380108
24.951489 20.266276
24.258717 25.022936
25.853376 19.744417
23.090575 24.161389
25.248687 18.859807
22.567421 22.411429
27.432325 18.872772
23.244140 20.301059
22.157064 18.450379
24.652767 16.618191
23.240722 22.882894
23.717313 22.076632
25.892643 26.320627
25.729026 18.734916
22.803522 19.079414
22.607107 22.772664
23.082596 16.443868
23.391075 18.431174
23.364668 20.074291
26.717055 19.037199
21.976996 19.064669
25.679814 20.716037
21.051036 19.196898
20.559194 20.446752
24.962658 21.412471
20.963090 22.325221
23.739127 19.226027
26.386807 19.293095
21.726159 23.219861
25.722338 19.621828
22.426289 21.703945
24.048125 20.610493
23.714736 19.324527
23.548943 20.178927
24.130490 22.614462
29.001058 18.830812
24.538152 19.589036
25.987476 19.353746
25.414322 23.248139
24.701591 20.563252
24.707691 23.540737
24.177431 21.235529
25.974710 21.613684
21.217548 17.374381
25.444150 19.448889
23.108893 14.671362
20.185358 22.831242
21.875975 21.240473
23.337386 20.404611
24.452182 19.237824
27.357796 21.473273
25.478793 21.993608
27.773827 21.468139
24.274494 21.927229
24.844208 21.775607
23.715672 23.785826
27.974011 19.804872
23.257534 19.516073
20.098280 18.506083
26.792744 19.135517
25.783239 21.957341
21.668158 21.355139
23.760386 17.712985
24.898786 19.848557
23.109740 18.878297
26.743850 18.529046
21.521273 19.015817
23.754813 23.746795
23.217803 18.584158
27.202974 17.293593
23.172950 18.597137
21.280134 20.166721
22.716763 21.848101
23.471591 16.697898
25.820682 20.557267
23.660264 19.497884
24.230480 19.913607
22.022140 18.735364
23.843288 21.117530
23.201031 19.361425
23.923795 19.880962
22.802886 18.181718
21.997644 17.861489
24.070687 20.761623
24.817421 21.920156
20.573958 21.597730
21.947851 23.757031
23.156519 18.238580
25.096488 21.618369
25.173879 17.631954
22.651141 24.048157
25.089799 18.074052
23.740750 22.770616
23.955110 16.865838
24.364155 21.491355
26.918157 19.173658
22.728371 21.287077
23.482086 20.897615
23.219483 14.449826
23.737179 19.901855
19.594181 24.396868
25.118622 21.680527
23.259061 22.334371
21.360382 22.345463
23.422662 21.161377
22.176935 20.290251
22.463431 22.185739
27.159982 18.481661
25.882860 16.904877
23.750674 19.666815
21.724525 25.082861
23.399588 21.124946
24.158129 20.901338
24.041037 20.631962
21.633076 24.297429
21.333232 22.803839
26.822873 18.552470
23.657437 20.286363
23.197386 18.214708
27.537861 19.441778
25.117212 21.939649
24.796049 20.527862
25.904166 19.021564
25.459108 21.835660
25.516164 22.617545
20.766584 21.256466
22.608586 18.748041
23.488657 20.760723
23.622561 21.524032
25.393486 19.633859
22.895443 23.559152
27.924327 20.304091
21.939990 22.661198
23.494888 23.342105
16.848822 18.581305
24.206064 20.286921
25.355006 19.603181
26.059774 20.983769
24.061017 21.889741
21.588451 22.273851
27.200432 24.433136
29.412723 20.460771
23.420785 21.214569
20.411149 17.592740
24.774399 21.392606
22.564360 21.852551
22.574477 24.222043
24.275649 23.308835
24.758191 21.871169
24.297128 23.151425
21.605293 19.206738
24.588233 23.553177
26.538787 22.742771
22.862571 23.928197
22.710022 22.461306
24.158030 20.176898
24.249346 23.688970
27.646696 22.927884
24.496767 25.318349
26.053942 21.994459
24.433186 20.928071
27.171712 26.378876
21.775682 20.399293
26.921348 22.048911
26.221890 18.385928
24.770526 21.374402
22.893595 21.227343
20.297848 25.924882
23.726523 19.282592
24.436937 18.875302
26.301543 22.153803
23.703850 18.549393
26.708806 24.690743
21.604325 19.328306
21.947568 17.578680
23.508830 23.768252
25.854113 18.500049
21.287110 22.576927
25.281649 21.249343
28.822874 19.312919
23.289058 23.348837
23.106335 21.186865
25.822569 22.008221
27.549834 20.028607
27.147730 22.898581
23.992593 18.072434
26.999174 21.383477
24.985199 19.889771
22.684989 18.594547
24.399087 20.113936
20.969326 22.235846
24.923940 17.561696
25.547501 21.154658
27.909449 16.800878
20.891827 20.600318
26.671720 20.793708
24.458742 20.644164
23.829384 19.843318
24.398660 19.025121
25.145853 20.003314
23.879943 22.579013
26.940132 22.230202
25.546048 21.633172
24.971249 26.204535
24.859894 16.286962
23.381678 25.600179
27.550981 19.876891
22.634069 20.304556
23.909725 22.429136
22.818129 17.601692
23.588093 17.286295
24.675013 25.438930
22.982470 20.264743
22.319885 16.232781
24.389709 19.124171
24.322731 19.962759
23.303547 22.368851
21.954628 19.652628
27.569283 25.141603
22.232035 23.615585
24.678043 23.336034
26.002348 19.568995
22.892088 23.457678
26.448471 20.192178
19.754361 21.312516
25.573165 21.557835
26.790947 20.176651
21.389315 22.302097
26.136391 19.696685
22.021100 21.011537
20.174356 24.043744
21.003184 22.304402
20.483676 19.561038
23.328644 19.468505
25.290137 19.011938
23.750334 21.428313
23.368574 23.332550
21.038554 21.694366
23.052399 20.373351
20.656951 20.249121
23.988258 18.903068
20.610439 17.926194
25.315166 20.709872
26.356761 21.941120
22.506134 21.180070
21.786511 20.426425
21.711529 25.208145
23.926333 16.408072
23.994793 22.035811
22.300351 22.446685
26.228328 18.221451
21.438291 23.117713
23.765385 18.794723
25.062920 22.820647
26.688079 20.801936
24.349167 18.204105
24.842978 19.702957
26.765523 19.035530
26.398437 19.928403
22.801675 19.267616
25.518996 20.752519
25.809087 22.704640
24.957322 23.532866
28.000221 21.019053
24.118263 17.544199
22.803753 18.637217
21.344517 18.232401
24.473945 21.428220
27.041121 21.075773
18.765805 19.861698
26.170080 21.094848
21.186134 19.444343
24.745086 25.016271
23.011074 22.429345
23.997466 22.714203
21.457815 21.053403
28.004929 21.417469
22.781712 20.226222
24.530403 22.563567
25.304766 24.560710
25.364705 20.530128
27.656724 16.971647
23.929431 19.015211
23.654176 20.663929
27.625193 21.054782
21.541155 20.907387
25.951457 20.347918
24.353046 19.168776
23.921350 21.863271
24.600653 16.941117
21.097534 22.123647
25.330094 22.436253
23.782085 22.744410
24.465958 21.081932
21.533758 20.456654
27.123970 18.209272
25.427547 20.804361
20.228329 21.383360
27.880408 22.496734
19.293099 20.242695
20.133950 18.976643
28.416642 21.087624
25.211777 20.595076
27.123218 20.126261
25.201900 19.965326
22.942713 22.406154
27.725056 21.191125
20.489810 18.497787
21.337020 19.071520
23.808204 20.206502
25.538172 20.068871
22.936225 19.506924
25.400487 18.142288
23.502390 22.147987
20.390337 21.248870
22.736903 19.570779
28.269972 24.427130
22.691415 17.907669
25.070428 19.356503
23.932483 14.071495
24.702354 21.298004
26.130189 23.507447
26.275158 22.893120
25.238625 19.285359
25.623966 20.741614
23.099165 24.451299
26.643200 23.634671
23.757079 20.732037
21.640116 23.039636
21.807429 17.202119
26.465606 19.799182
24.397717 22.752867
26.237269 18.316768
26.926565 18.227384
25.947249 22.144417
25.486413 17.213723
25.500734 20.283502
23.272094 24.861731
21.864196 26.337797
27.499038 20.159508
23.469542 21.328114
23.666646 19.401953
24.659275 20.665581
22.146632 19.201390
25.904315 24.285501
23.788062 20.716105
22.514619 22.696122
23.144660 21.835788
26.102001 18.659415
20.704162 23.726460
27.104951 22.895315
25.583637 18.874146
23.008902 17.631905
23.250568 20.401373
22.666745 24.099410
24.445922 20.742806
23.992490 20.583520
24.801137 18.970424
22.434902 20.669915
26.773377 19.481946
23.278903 21.755756
19.970251 18.449640
20.194535 21.872834
25.872420 22.679475
22.568563 19.114806
20.519727 22.128138
23.972241 22.175858
23.796226 24.601844
25.882858 22.849857
24.682445 22.165785
22.860893 19.343082
25.051300 21.982461
28.339021 22.514454
24.800048 21.894555
27.389850 24.897934
23.018219 19.059948
24.553409 23.160487
23.292822 21.960010
23.444748 16.568539
23.163345 22.250988
25.305907 21.355656
25.553153 23.934954
24.758531 18.442684
21.880118 19.409155
22.429989 17.752978
20.049916 18.261732
24.929398 19.970530
22.947598 22.478945
23.268906 23.921455
26.203356 21.219773
25.247781 20.981571
25.628592 22.755214
26.770003 23.718805
25.268076 22.894781
25.105511 20.376434
20.778558 21.540466
21.228330 19.920204
26.191446 23.382162
22.833762 18.100583
22.085742 20.538113
26.171115 20.768893
25.211452 21.013461
25.608605 20.725171
19.381406 19.589822
23.047024 20.709169
22.285466 25.311529
22.994594 19.071214
20.094023 17.495380
21.126176 21.462862
24.912774 22.626137
26.381740 20.789826
21.783527 22.228035
25.899753 20.064415
25.732777 20.557793
24.740758 21.319555
20.515215 17.305151
25.702365 19.962177
23.889286 20.407804
26.439409 23.530149
22.816990 20.922616
23.763288 21.288636
21.386341 23.921889
25.347974 20.710723
24.227810 22.247589
24.150932 21.010407
23.698508 23.172516
21.839807 20.890101
28.092937 18.972861
24.956384 22.458386
24.367669 21.649765
26.808924 16.755239
22.558038 21.281703
23.150597 23.855960
25.307814 19.296292
21.816499 25.540050
25.768655 23.975400
21.893733 21.733796
25.304679 20.475334
21.670899 19.232202
21.183440 19.783689
22.181646 20.941257
23.057233 21.820031
25.523645 20.909792
22.605478 18.382757
26.772441 22.494072
24.139645 22.321627
24.030991 22.172270
23.495679 21.573198
21.269573 21.306811
26.554164 23.131988
25.020239 23.902694
23.038092 20.122767
25.613355 18.949844
22.572154 19.016793
24.451606 20.216447
19.025916 19.525469
24.242796 22.716256
26.757572 19.912899
23.568465 19.281033
27.320013 22.541000
24.760078 19.048967
22.144764 20.953803
23.621020 21.843675
25.427272 20.727960
24.445154 23.759529
20.390056 22.554853
22.641176 22.046310
24.574900 20.309022
18.905504 20.926167
19.673120 21.014885
20.549533 21.268048
26.718126 18.197630
25.508001 18.798775
25.860392 22.613442
23.777188 19.794876
20.944478 23.585395
23.340562 25.351806
26.143869 22.427224
26.442708 22.018385
20.938012 20.291967
25.931016 20.754858
26.801707 23.208526
21.597138 21.723759
22.644007 18.180765
22.061843 19.108195
26.238599 19.088772
27.867273 21.187683
20.332287 19.398271
25.020246 22.480573
23.229591 21.026400
25.380258 20.769360
24.207996 21.949360
20.157481 23.778230
20.161743 22.832792
23.221251 19.439150
25.004578 25.017311
22.368978 23.845586
22.956304 18.980403
22.915807 20.659993
23.692490 24.050387
22.612460 19.569964
24.003239 19.969652
23.280391 22.005330
25.683162 21.879300
26.881253 20.063643
19.139658 22.921775
21.042364 20.027291
26.433365 19.379736
23.125894 23.015778
25.505618 20.055363
23.172309 22.680138
25.770687 20.305592
23.756588 23.928998
20.515407 20.657643
22.631001 18.968511
26.290633 19.869973
20.407275 21.930513
25.424422 21.657845
22.807546 25.072750
22.000900 19.774543
24.830742 22.039944
24.876498 19.126228
23.769476 18.345022
23.472204 19.780281
24.151825 20.804760
27.023782 21.461206
25.553535 18.570495
25.634445 20.972427
26.072688 21.734325
22.940364 18.892472
20.783342 20.485269
26.465456 22.216693
21.102781 21.559558
23.855938 21.949858
21.811448 25.241943
20.918106 21.963704
21.690138 24.429372
24.255586 17.189127
25.096926 18.360475
24.099971 22.015267
26.238000 18.499435
23.569733 20.788476
25.594448 20.378412
26.653019 21.545639
25.263173 20.626287
25.133315 21.425681
24.872045 19.294137
21.913685 19.732671
21.653557 18.632936
23.842552 21.319484
22.015372 18.508372
24.672288 20.739294
23.121458 15.318612
23.737031 20.892473
18.659960 16.010127
20.963517 17.738871
27.070445 21.911918
24.226795 22.712290
26.108978 21.041340
21.816768 25.407277
27.797656 17.750524
23.723681 23.153178
20.411459 19.061414
24.058174 23.499326
23.330367 23.689120
24.480917 19.791876
20.077678 20.489820
25.595421 20.495525
26.754721 21.678739
23.555612 18.823959
26.242835 24.078178
23.312871 20.140343
24.625870 19.422426
16.984044 21.463485
25.788825 19.297640
24.352438 17.244876
22.913771 23.011546
23.849072 21.147889
24.358165 24.422402
25.731370 21.717269
22.422810 24.079653
22.990715 19.677745
23.419294 20.016848
20.371881 16.644760
20.521138 25.186215
23.437634 18.518395
23.632033 17.621212
27.672550 13.567755
21.610065 19.475163
20.191064 20.074846
26.490394 21.515729
25.894592 22.006579
24.408943 22.780846
21.810057 18.851247
25.132312 20.447580
27.055893 25.301667
21.215085 18.383221
27.947906 22.376697
22.730424 20.700154
24.728174 16.209498
27.398467 20.679131
23.322408 22.649754
20.765609 23.090950
22.591496 22.629445
20.024382 20.146837
24.195476 19.641736
25.315284 17.685268
25.107910 21.483246
22.335148 23.750541
22.433237 18.968994
24.640006 23.130507
23.131218 16.466591
29.102445 20.809401
21.669622 19.546550
17.980295 20.520812
25.469750 23.023613
22.576756 18.784968
23.578839 21.345891
21.177986 17.201510
22.762076 20.063288
26.005581 22.030469
